cloud,attempt,accepted,reason,iterations,predictor_residual,final_residual,predictor_distance,corrector_distance
rank2_best,1,1,converged,2,0.00013884316698370235,2.0507930815883222e-10,0.00987244706509012,6.475144978227444e-05
rank2_best,2,1,converged,2,0.0003640418553064612,1.3745561124138161e-09,0.01199659156800428,0.00018021410905625924
rank2_best,3,1,converged,3,0.00031878852418036374,3.4222440610090007e-10,0.011322649321759507,0.00015335537629454477
rank2_best,4,1,converged,2,3.507993556025901e-05,9.704138658441803e-10,0.008832600400719082,1.71330550961618e-05
rank2_best,5,1,converged,2,3.350621881503948e-05,5.247122730773519e-09,0.0075830804303410725,1.516016044334392e-05
rank2_best,6,1,converged,1,0.00012125065192035305,1.897786686447987e-08,0.00840801948733679,6.132949123228726e-05
rank2_best,7,1,converged,2,0.0002564130491141432,6.5270098231447924e-09,0.009347217756091385,0.00012640374244371418
rank2_best,8,1,converged,3,0.00026333586256538274,7.62494220943302e-10,0.011780377960898836,0.00012122007263916502
rank2_best,9,1,converged,2,2.3393744230733313e-05,8.766501107392025e-11,0.008752623156187272,1.1573231616769207e-05
rank2_best,10,1,converged,2,0.00022643291112369663,2.955372885808814e-09,0.010622399536321372,0.00010753863780312448
rank2_best,11,1,converged,2,0.00024111228390599605,1.0653046430443004e-08,0.011113214675986733,0.00012245420755879904
rank2_best,12,1,converged,2,0.00020097660629686756,2.4043204479530493e-09,0.011997302758873715,0.00010197550858210113
rank2_best,13,1,converged,2,9.54315045614627e-05,1.4157412030872627e-09,0.011953197395193238,4.3112058194683444e-05
rank2_best,14,1,converged,3,0.0004267444208334765,7.4385820279014104e-09,0.01109520841233767,0.0002249569987087466
rank2_best,15,1,converged,2,0.0001494703204833807,1.8789863592176437e-08,0.01105878884236359,6.745080938742903e-05
rank2_best,16,1,converged,2,0.00024171806570691688,7.742331950022342e-09,0.009760079375961754,0.00012255166026312565
rank2_best,17,1,converged,2,0.00025090142048076993,3.0592942348926614e-09,0.00909549596465208,0.00012729095599528278
rank2_best,18,1,converged,3,0.00010265399127104002,3.240190669185353e-10,0.011161088219035513,4.7170095520175046e-05
rank2_best,19,1,converged,2,0.0001319991664017185,4.5903875444156395e-09,0.011129396243903425,6.0743073469448926e-05
rank2_best,20,1,converged,2,9.396476180930306e-05,3.733423922677236e-09,0.008468132500868582,4.272844759136953e-05
rank2_best,21,1,converged,3,0.00011823762772249219,1.3614185766513391e-09,0.011936192515335415,6.0731550022160526e-05
rank2_best,22,1,converged,2,4.913103626355784e-05,2.7252722342186686e-10,0.0045146362997160175,2.4728023794095195e-05
rank2_best,23,1,converged,2,5.358043817633152e-05,3.2414067224109875e-10,0.009842435985308604,2.463142798116749e-05
rank2_best,24,1,converged,2,0.00016733109740039054,7.963612004586146e-09,0.011706062728011626,7.550851456862868e-05
rank2_best,25,1,converged,1,2.804056922551153e-06,1.0213116144978349e-08,0.009803035015374155,1.51690525718809e-06
rank2_best,26,1,converged,2,0.00017202736666482575,3.7326410836144286e-10,0.009312390260493042,8.71179215476106e-05
rank2_best,27,1,converged,2,0.00019603683745159718,2.5403872414360714e-09,0.011220901407405587,9.780590313854926e-05
rank2_best,28,1,converged,2,0.00016358035366650364,5.1030755638355945e-09,0.010496562374734229,8.139687018946586e-05
rank2_best,29,1,converged,2,0.0003394666360877341,1.3386387764773329e-08,0.011709381976074676,0.00016232717294655113
rank2_best,30,1,converged,3,0.0002108636853760791,8.91315059324387e-10,0.011472724788008013,9.500236677165476e-05
rank2_best,31,1,converged,2,6.231258237045413e-05,4.550016143587281e-09,0.008840560010392197,2.8614410540952563e-05
rank2_best,32,1,converged,3,0.00012051771009069021,5.215093225222264e-10,0.009226119739317912,6.460479205350233e-05
rank2_best,33,1,converged,2,9.94347980168205e-05,2.0589100602308712e-09,0.006983786951531223,5.0803903064208965e-05
rank2_best,34,1,converged,2,0.0001785240336979903,2.0831861255451676e-09,0.011931094092774852,8.273529832234144e-05
rank2_best,35,1,converged,2,4.103993118634729e-05,3.523707552245729e-10,0.008921826916190114,2.1933477849605745e-05
rank2_best,36,1,converged,2,0.00024157658975881765,1.2107759757744009e-08,0.011007414977946824,0.00010978639434207415
rank2_best,37,1,converged,2,1.0523741125563708e-05,8.384091617663286e-10,0.008112523214963844,4.922901932719709e-06
rank2_best,38,1,converged,2,8.20627783734094e-05,4.904811583082004e-10,0.007805532660801014,4.114459547630141e-05
rank2_best,39,1,converged,2,9.273606823981087e-05,1.4454494912927123e-08,0.009506581541872396,4.3191606509620874e-05
rank2_best,40,1,converged,3,0.0005871907631041726,1.587630995980817e-08,0.011392772953145247,0.00030660866732236446
rank2_best,41,1,converged,3,0.00030820883650948486,6.767553401394172e-09,0.010889904840927866,0.0001428293199399344
rank2_best,42,1,converged,2,0.000276861712621656,4.759580139240092e-09,0.009642725428311865,0.00013419548538464826
rank2_best,43,1,converged,3,0.00032767717352362024,6.157086530652098e-09,0.011583059540673938,0.00015012876242195784
rank2_best,44,1,converged,2,0.00020189190601453263,1.5363788380606033e-09,0.010441902732905189,9.351621502901548e-05
rank2_best,45,1,converged,2,0.00027498113825535366,3.214632121711987e-09,0.011001330192141648,0.00013228217558397158
rank2_best,46,1,converged,3,8.277135752797714e-05,3.2160084760991473e-10,0.01162392939003888,4.145076327205022e-05
rank2_best,47,1,converged,3,0.00027420083117329723,2.3158723792165115e-10,0.011666067940062311,0.00012733288236961343
rank2_best,48,1,converged,2,0.00032837284391237716,6.89453049088267e-09,0.011292237071031589,0.00016533304253414012
rank2_best,49,1,converged,2,3.991940053256575e-05,9.546092581350807e-09,0.01063918332064477,1.8052397720719063e-05
rank2_best,50,1,converged,2,0.0002443916526416503,1.888283272253472e-09,0.009690760775067205,0.00012346519367556372
rank2_best,51,1,converged,4,0.0006690850900259288,2.289102756657377e-09,0.011557983340722316,0.0003206093419436044
rank2_best,52,1,converged,3,0.0003544401716560763,1.2493626775544673e-08,0.0102517228951098,0.00016902916036954963
rank2_best,53,1,converged,2,6.498474997303783e-05,6.218367297406145e-09,0.010186500095007782,3.0574551556791046e-05
rank2_best,54,1,converged,2,0.00016678043046206755,8.26923103474799e-10,0.009305519841270631,7.978097659252031e-05
rank2_best,55,1,converged,2,8.993902242742333e-05,1.7441963178999811e-09,0.010507446312809678,4.596906121540204e-05
rank2_best,56,1,converged,3,0.00016170319517310085,4.5262609204525077e-10,0.010339769454392786,7.212161043318854e-05
rank2_best,57,1,converged,2,3.908635215341518e-05,1.449484039740718e-09,0.006463143259916717,1.7718210012285366e-05
rank2_best,58,1,converged,2,9.111130327485217e-05,2.8980249255662295e-10,0.010548697259738967,4.1241058536509665e-05
rank2_best,59,1,converged,2,0.0002952777873659314,4.84634027254226e-09,0.011205458209324776,0.00013544339448006866
rank2_best,60,1,converged,2,0.00015364863901490532,5.161854697159162e-11,0.007973348040799823,7.454794398183872e-05
rank2_best,61,1,converged,2,0.00042117146517447676,1.828280432382485e-08,0.01122149314750786,0.0002099123163520973
rank2_best,62,1,converged,2,0.00035517980642983785,5.2989984215677695e-09,0.009940713216689477,0.00017257582898747058
rank2_best,63,1,converged,2,8.98642546121265e-05,1.5958532320845234e-11,0.008067880472348066,4.418968976583376e-05
rank2_best,64,1,converged,2,0.00024153113314063796,8.698714732380298e-09,0.00816303988332796,0.00011750505877461497
rank2_best,65,1,converged,3,0.0002056516150258073,5.462731819760952e-10,0.010638859925233989,9.758128950177363e-05
rank2_best,66,1,converged,2,0.00022693858764512425,2.7328746034898354e-09,0.009686953010423357,0.00011204856270296389
rank2_best,67,1,converged,2,0.00020488040516710858,1.6071417387505592e-09,0.010182079476728051,9.261491985322956e-05
rank2_best,68,1,converged,2,7.519761946904959e-05,6.856809789486854e-09,0.011163462316296592,3.4730113622470076e-05
rank2_best,69,1,converged,2,0.00019585805134899941,1.6192074769352265e-09,0.01122630215111078,9.688186143854072e-05
rank2_best,70,1,converged,3,0.00025474251177217745,2.5905117656841663e-09,0.008962181607574735,0.0001321525177160643
rank2_best,71,1,converged,3,4.937178995225101e-05,7.057569691044007e-10,0.011375471721067483,2.5225076367454308e-05
rank2_best,72,1,converged,2,0.0001263923789934667,1.600463978087605e-08,0.011445579506802226,5.840729243532889e-05
rank2_best,73,1,converged,2,4.107223211992835e-05,1.7869170014971256e-10,0.0040331496501512356,1.9275507045364484e-05
rank2_best,74,1,converged,2,1.7382949477260982e-05,1.0326002954204041e-09,0.005481252455162175,8.679569961524028e-06
rank2_best,75,1,converged,2,0.00026729518576327013,1.221774189692609e-08,0.011872484112616053,0.0001396426939464409
rank2_best,76,1,converged,2,0.0003699446125058031,1.7901421330655128e-08,0.011254371712788673,0.00017913559276790014
rank2_best,77,1,converged,2,0.00011783791272686656,5.893721958951506e-10,0.007042279041472549,5.7968385695262124e-05
rank2_best,78,1,converged,2,0.00019709212835593935,5.706388615120515e-09,0.0099888384960864,9.050119958883505e-05
rank2_best,79,1,converged,3,0.0002614562957880526,2.09349352561852e-09,0.011693114922251653,0.0001216026679543515
rank2_best,80,1,converged,2,0.00012114178856620762,3.9709916539477904e-10,0.0083725372598687,5.788682215829073e-05
rank2_best,81,1,converged,2,5.5494573068200276e-05,1.1313300409289e-09,0.010630272269936892,3.023550073202323e-05
rank2_best,82,1,converged,2,0.0003489458387035524,7.050724734096261e-09,0.011221641971312405,0.00017761563716760126
rank2_best,83,1,converged,2,0.0002859637323124799,7.185468971644947e-09,0.009808185348587283,0.00013875205705671828
rank2_best,84,1,converged,3,0.00018327370926830497,3.3663862347418834e-10,0.01042989146612802,8.301470510421043e-05
rank2_best,85,1,converged,2,0.00023513594842572056,1.7751693659315747e-09,0.010876646816813712,0.00011005206491261135
rank2_best,86,1,converged,2,0.0003083039174258492,2.4048923017463345e-09,0.0105695368095489,0.00015154144059325957
rank2_best,87,1,converged,2,0.000436184892024954,3.6428588566716575e-09,0.011929786473530173,0.00020612579951631495
rank2_best,88,1,converged,2,0.0002443718501379404,1.5944018294151472e-09,0.011490410027331357,0.00011877903236395003
rank2_best,89,1,converged,2,0.0003049202288097465,6.837671287419688e-09,0.01153487060331176,0.00013882547172729088
rank2_best,90,1,converged,2,0.0004077975305694357,4.255608762060242e-09,0.011817572815043788,0.00018927467925518434
rank2_best,91,1,converged,2,7.673737299577231e-05,9.77526797148134e-11,0.006607704978759269,3.63943122594689e-05
rank2_best,92,1,converged,2,0.0003051680869980947,1.5525136324369894e-09,0.011859357302886425,0.00014373187916935236
rank2_best,93,1,converged,2,0.00016008921185691442,4.096577706114083e-10,0.011740731572559868,8.087483131050177e-05
rank2_best,94,1,converged,2,6.979277046765777e-05,1.1194529335893206e-09,0.005556938257799236,3.336981932509665e-05
rank2_best,95,1,converged,3,0.00014217160413009696,4.0183727269156973e-10,0.010191170153551385,6.815979226181135e-05
rank2_best,96,1,converged,2,0.00022137005537085412,1.1303128724075308e-09,0.011840323237537363,0.00010212249062757213
rank2_best,97,1,converged,2,0.0002379159000291409,1.1317830242660711e-09,0.010660829138928588,0.0001113519830925228
rank2_best,98,1,converged,2,3.4191133545204136e-05,8.240812985244444e-11,0.011692010303742976,1.5433023339959214e-05
rank2_best,99,1,converged,3,0.00012626301316775556,7.449297121371446e-10,0.011175192295771528,5.7362701697865344e-05
rank2_best,100,1,converged,2,0.00010126226740356349,7.887415139933544e-10,0.005349445154716257,5.036056574552443e-05
rank2_best,101,1,converged,2,0.0001384359682934973,4.9916847423646495e-09,0.010616737156406476,6.607416444097346e-05
rank2_best,102,1,converged,2,4.8569499801263434e-05,5.189864595909672e-10,0.011866173371993131,2.393117570455765e-05
rank2_best,103,1,converged,2,6.484696281531318e-05,3.5956294847893263e-10,0.011165228958895369,3.23406983258754e-05
rank2_best,104,1,converged,2,0.00042627923111576965,1.2904952407190585e-08,0.010568554902550101,0.00021198006076070106
rank2_best,105,1,converged,3,0.0001392644903485027,3.5799562023774855e-10,0.011754189097254716,6.47702170401838e-05
rank2_best,106,1,converged,2,3.214603082025941e-05,1.437248466592449e-09,0.008747148261834089,1.6593299156504258e-05
rank2_best,107,1,converged,3,0.0001613885333446978,3.1334877544225044e-09,0.011509517006970877,7.418946699814883e-05
rank2_best,108,1,converged,2,0.0001429162976826712,5.72960305254341e-10,0.008671412209093073,7.064183911082307e-05
rank2_best,109,1,converged,2,0.00012945014667813107,3.589791001723436e-09,0.010184961347127363,5.952009126363086e-05
rank2_best,110,1,converged,2,0.0002706770412549259,7.462466767230212e-09,0.011082307633327411,0.00013413291968579206
rank2_best,111,1,converged,2,0.000196934915819793,9.554414303635171e-09,0.010166640447687385,9.008225726594041e-05
rank2_best,112,1,converged,2,0.00011511913049202012,4.256103486278369e-09,0.0077379162383919495,5.6095529698597204e-05
rank2_best,113,1,converged,3,6.24615338483966e-05,7.977212096839097e-10,0.011852969085332376,3.1076932490123555e-05
rank2_best,114,1,converged,2,0.00033887451481983685,1.917357301839463e-09,0.010559626637057605,0.00016172879647370682
rank2_best,115,1,converged,2,0.00025721313007493103,1.291822516257247e-09,0.01196477473631414,0.00012633033976960334
rank2_best,116,1,converged,2,5.343754985447858e-05,1.7522978994880504e-10,0.009170275286148225,2.455065895399262e-05
rank2_best,117,1,converged,2,0.0003060515341142281,1.0710714613126674e-08,0.010329412593929445,0.00014609313926571308
rank2_best,118,1,converged,2,6.66051990949272e-05,3.4949614328603945e-10,0.006513279678422369,3.176822796864179e-05
rank2_best,119,1,converged,3,0.00030499781192886994,7.503087639069975e-09,0.010935764026245406,0.000160732757499451
rank2_best,120,1,converged,2,6.846813008920264e-05,5.302774871538453e-09,0.010618595332046081,3.5939902363020584e-05
rank2_best,121,1,converged,2,0.0002018602364735185,3.3951504788254195e-09,0.011091813918669289,0.00010074849308569813
rank2_best,122,1,converged,2,0.00037495824765110643,8.214176888922483e-09,0.011945927499129082,0.00017529890547150057
rank2_best,123,1,converged,2,0.00011835651119045591,2.946686000081109e-09,0.009204008775121682,5.8958274152216655e-05
rank2_best,124,1,converged,1,2.4146651224607838e-05,1.690502964519036e-08,0.005622681802055321,1.0936222595137348e-05
rank2_best,125,1,converged,2,5.021739220151169e-05,1.3006886892108623e-10,0.009480147203760803,2.650660880627958e-05
rank2_best,126,1,converged,2,9.399855965030952e-05,7.269806175522244e-10,0.0076685673546884854,4.746673123897614e-05
rank2_best,127,1,converged,2,0.00012681849614752338,1.4589909567686821e-08,0.010632998468276566,6.542031860236798e-05
rank2_best,128,1,converged,2,7.633769187469875e-05,1.2269151743154837e-08,0.010621008011132657,3.776404144841918e-05
rank2_best,129,1,converged,2,3.9473315641000804e-05,6.49962028851535e-10,0.00958200717266782,2.013380274740699e-05
rank2_best,130,1,converged,2,0.00015444637507791657,1.6874589519385105e-09,0.010743570427980052,7.778888754582181e-05
rank2_best,131,1,converged,3,0.0003949322198419651,1.2199656070643398e-08,0.011662942144031057,0.00020433633354309123
rank2_best,132,1,converged,2,7.61153826804288e-05,8.06481649796864e-09,0.009121564732387306,3.480272389139964e-05
rank2_best,133,1,converged,3,0.0001955862263914327,5.208367143319881e-10,0.011432366606944484,8.858703239397257e-05
rank2_best,134,1,converged,2,0.00011249245797963984,5.690830823464661e-09,0.011242042383834626,5.9774272432616404e-05
rank2_best,135,1,converged,2,0.00010179104702358274,7.077099988704494e-09,0.010326917630083856,4.989755878091418e-05
rank2_best,136,1,converged,2,3.5857287820318556e-05,9.888257591210716e-11,0.005851540557604415,1.7570920554356785e-05
rank2_best,137,1,converged,2,0.000272257132105506,1.0081581578007881e-08,0.011289492257697535,0.00013371879111628236
rank2_best,138,1,converged,2,0.00011456975743152811,2.363633529229616e-09,0.011489206020496754,5.178055532073534e-05
rank2_best,139,1,converged,3,0.00021583735065452348,3.7025572318276893e-10,0.011800358590573753,9.944761875212954e-05
rank2_best,140,1,converged,2,5.992133904827782e-05,1.2957475390469014e-09,0.009933784516080893,3.122991432990212e-05
rank2_best,141,1,converged,2,7.683088903730303e-05,5.094828945949826e-09,0.011288822745322094,3.5295303348181637e-05
rank2_best,142,1,converged,2,0.00014217303042233858,2.977783658847945e-09,0.010333642324072866,6.909586544716095e-05
rank2_best,143,1,converged,2,0.00019842687718914988,1.1084070004985564e-09,0.010724751417891884,9.622948913879886e-05
rank2_best,144,1,converged,2,0.0002805330425402327,5.64791462628773e-09,0.010940156199269526,0.00014244462508882955
rank2_best,145,1,converged,2,9.326354872692173e-05,3.7596012375390876e-10,0.011362631596212319,4.75796205756969e-05
rank2_best,146,1,converged,2,5.075420726753665e-05,4.580544421539352e-09,0.007721435679225482,2.49189113176864e-05
rank2_best,147,1,converged,3,0.00016028060642864892,5.347868469986522e-10,0.011674824063982651,7.5605821232709e-05
rank2_best,148,1,converged,3,0.0001225846536860345,5.379024061826125e-10,0.010758611061215971,6.023277186321694e-05
rank2_best,149,1,converged,2,4.745837409920475e-05,8.442294820308382e-10,0.008544250864747175,2.2204603370225673e-05
rank2_best,150,1,converged,2,8.037284233676258e-05,9.71874471089028e-10,0.01186134909717118,3.710168684418235e-05
rank2_best,151,1,converged,2,0.00011991701503690439,1.1196208130467046e-08,0.009970780746547387,5.4522135458766787e-05
rank2_best,152,1,converged,2,0.00011953346762477573,2.1711533420471073e-09,0.009198074404488743,6.05063561223546e-05
rank2_best,153,1,converged,3,0.00036018210453041364,6.86961944896432e-09,0.009208053798817782,0.00018570617884725778
rank2_best,154,1,converged,2,4.2760908895859255e-05,7.030986489627492e-10,0.008848971374255377,1.9309371676954172e-05
rank2_best,155,1,converged,2,0.000278638593896503,6.051968789725421e-09,0.011880548370757188,0.000139824643981232
rank2_best,156,1,converged,2,7.35480843632801e-05,3.1100428397113034e-10,0.007633785305458617,3.533687294735644e-05
rank2_best,157,1,converged,2,0.00011089215375019887,2.1052653851579349e-10,0.010300813646194083,5.060379680807771e-05
rank2_best,158,1,converged,3,0.000167311407546191,1.5374138185118057e-09,0.010499419607411494,8.229704382233151e-05
rank2_best,159,1,converged,2,0.00025999241398489293,3.3271893574240016e-09,0.010927715911744629,0.00013080860429099598
rank2_best,160,1,converged,2,0.00015450011449136925,3.297764149556133e-09,0.009914800287580152,7.710420433515199e-05
rank2_best,161,1,converged,2,0.00010275329208802152,4.043097018959246e-09,0.011027052141482372,5.2034782197123055e-05
rank2_best,162,1,converged,2,0.00017600382682306126,5.561046473980145e-09,0.011942052111162277,8.139530576726835e-05
rank2_best,163,1,converged,2,9.17712684827845e-05,2.684182785129245e-09,0.008235207460045295,4.4465715169854654e-05
rank2_best,164,1,converged,2,8.72621151144859e-05,4.3813910160461295e-09,0.011629710304192176,3.940410533786642e-05
rank2_best,165,1,converged,2,0.00027184493368068326,4.471433023432399e-09,0.011692716683332166,0.00012612993528016592
rank2_best,166,1,converged,2,5.5283850289414086e-05,2.8628740744255567e-09,0.010632735029663576,3.010758279861088e-05
rank2_best,167,1,converged,3,6.027767313652249e-05,4.313712912595382e-10,0.011258862492955659,3.2132339435210194e-05
rank2_best,168,1,converged,2,9.185458521915141e-05,1.3780899245659392e-08,0.008719457183903368,4.6611478097859985e-05
rank2_best,169,1,converged,2,0.0003273878149798921,5.3265025386676344e-09,0.01125567551205327,0.00016290070302456516
rank2_best,170,1,converged,2,0.00027050399874829913,3.804999624838772e-10,0.01090398920080594,0.00012750077819198083
rank2_best,171,1,converged,2,7.622811391923248e-05,1.2623497200374104e-08,0.008245549481458943,3.8845308214629144e-05
rank2_best,172,1,converged,2,0.00014777599569588292,1.1608662629894297e-09,0.00933693456600013,7.061468293546634e-05
rank2_best,173,1,converged,2,0.00036785522965438394,1.0323408260003748e-08,0.0117694275759434,0.0001800394936572796
rank2_best,174,1,converged,2,0.0003546489135542414,8.034774996391044e-09,0.01133783846208801,0.00017617229023256494
rank2_best,175,1,converged,2,0.00015167451852852917,5.432980996753397e-10,0.007817959523375086,7.3364935877306e-05
rank2_best,176,1,converged,2,5.135394041350477e-05,2.1130974644537008e-10,0.005632017980046193,2.3664525172780927e-05
rank2_best,177,1,converged,3,0.0003627681329900344,4.427610646864938e-09,0.011073231807972104,0.00016636724530262362
rank2_best,178,1,converged,2,0.00032178396851937615,7.953798403506028e-09,0.011756220800492757,0.00015656933110769208
rank2_best,179,1,converged,2,9.842883274009745e-05,1.5660147310928144e-09,0.00740562415118486,4.5147004371061117e-05
rank2_best,180,1,converged,2,0.00016707837433169374,7.107912224289786e-10,0.00976751635895436,8.189123614060775e-05
rank2_best,181,1,converged,2,0.0001295371287611378,1.6081215632909932e-09,0.009806559362226772,6.447779958208026e-05
rank2_best,182,1,converged,2,0.00011879331876781271,1.0061295999589228e-09,0.011947637670293238,5.361465364651853e-05
rank2_best,183,1,converged,3,0.00017592260249116933,1.3524756698310773e-09,0.0100413737687388,8.397665954184983e-05
rank2_best,184,1,converged,2,0.0002553668049694539,4.184677824721896e-09,0.01089843985069295,0.00011882054105015497
rank2_best,185,1,converged,2,0.00018064911679227982,3.612210083026198e-10,0.011871469589357335,9.133487777210197e-05
rank2_best,186,1,converged,2,5.3070217483829426e-05,5.023548191911966e-10,0.011723695154583803,2.4808590664011958e-05
rank2_best,187,1,converged,1,5.536351560756712e-06,1.9073315965531198e-08,0.009630951022925991,2.5460793531318e-06
rank2_best,188,1,converged,2,9.074277662215228e-05,2.1985424635051758e-10,0.006864133026462753,4.457456879141996e-05
rank2_best,189,1,converged,2,6.676041525703658e-05,6.436426209235528e-09,0.011459470367053377,3.5776715462889994e-05
rank2_best,190,1,converged,2,0.0002464048065740581,5.296569066414557e-10,0.011233035202403815,0.000111648707804189
rank2_best,191,1,converged,3,0.00023006638255528884,4.969468690494951e-10,0.011746711419467176,0.0001057619635651291
rank2_best,192,1,converged,2,5.9138091696185186e-05,9.038812208294874e-10,0.009829790608881435,2.9486933438290782e-05
rank4_best,1,1,converged,2,5.6354691034988396e-05,3.048647656287517e-09,0.00652183510393401,4.470142896967425e-05
rank4_best,2,1,converged,2,9.934737393375761e-05,1.9874386707734158e-08,0.01176806012364847,5.701517352932853e-05
rank4_best,3,1,converged,2,2.0840578655823436e-05,2.72570556834949e-10,0.00558667168652821,1.3958621723461436e-05
rank4_best,4,1,converged,4,0.0004898418876363369,1.3242348608752074e-08,0.011662356378158427,0.00033264460137924794
rank4_best,5,1,converged,3,0.00016238336629729604,1.5881961410160915e-08,0.007474170699771296,0.00010931403140064976
rank4_best,6,1,converged,2,6.563555155749932e-05,4.06129432279818e-09,0.007486153474997615,5.138578860793226e-05
rank4_best,7,1,converged,2,3.5282233463077746e-05,6.302212709147935e-10,0.006441353243545072,2.738700443100331e-05
rank4_best,8,1,converged,2,9.240515704957942e-05,6.951944782701559e-09,0.007873043852143725,6.414822667109309e-05
rank4_best,9,1,converged,2,5.8286318372623956e-05,4.976394550511844e-09,0.009824721304306073,3.696752584974644e-05
rank4_best,10,1,converged,3,0.00013465509676723197,1.3218419506910135e-09,0.011684933571147242,9.399126798446595e-05
rank4_best,11,1,converged,2,0.00016537730684188095,1.71633076937517e-08,0.011452940170210545,8.381469029432373e-05
rank4_best,12,1,converged,2,0.00016422737481125178,9.772827565569167e-09,0.011953945705637415,0.0001179586876609347
rank4_best,13,1,converged,2,9.281808163570472e-05,9.957477903608616e-09,0.010434255404610087,8.672700757913004e-05
rank4_best,14,1,converged,2,7.516491201827947e-05,3.810848967921241e-09,0.007821556725413577,4.2577247988788856e-05
rank4_best,15,1,converged,2,0.00010689181347933855,1.5166235582063975e-08,0.010432987937624464,5.684896457232162e-05
rank4_best,16,0,iteration_or_line_search_limit,5,0.0018375095791941093,4.4216143185857286e-08,0.011737067896436661,0.0011939187060645878
rank4_best,17,1,converged,2,8.097261896634574e-05,5.541624923135496e-09,0.011365160627193168,6.377049088313195e-05
rank4_best,18,1,converged,2,8.572526665539209e-05,1.92198685955821e-08,0.011318148317321745,8.011186540724996e-05
rank4_best,19,1,converged,2,0.00010118033560357572,7.383444910212967e-09,0.008450453996665596,6.861508169382038e-05
rank4_best,20,1,converged,2,4.2846132435167965e-05,8.025200415171333e-10,0.007475865127396287,2.6043748144081633e-05
rank4_best,21,1,converged,2,7.776450781528259e-05,1.2881951003042099e-08,0.010111276578331115,5.09661163525981e-05
rank4_best,22,1,converged,2,1.6432401118314295e-05,3.6127882737657004e-10,0.004187587049415245,8.976381739418491e-06
rank4_best,23,1,converged,2,4.5385609321500956e-05,1.7401958156598485e-09,0.0070252459952751655,2.7716083854137084e-05
rank4_best,24,1,converged,2,9.121045389428449e-05,8.691564831625318e-09,0.007315122172686033,7.07919567415672e-05
rank4_best,25,1,converged,2,5.094693579496938e-05,4.278763228852849e-09,0.011880685560222816,3.454448168666234e-05
rank4_best,26,1,converged,2,4.583720345906211e-05,2.4105172922200798e-09,0.005988482419025262,2.4209872761076193e-05
rank4_best,27,1,converged,2,3.580964493339196e-05,2.2164273069068824e-09,0.007548094371867275,2.861099285709636e-05
rank4_best,28,1,converged,2,9.660225008774906e-05,1.0933908322759313e-08,0.009426091198403637,6.187399255660401e-05
rank4_best,29,1,converged,2,3.99967665482532e-05,3.686725261829094e-09,0.01047115149396843,2.1353065516285523e-05
rank4_best,30,1,converged,2,3.281719450953347e-05,6.334143475097788e-10,0.005891714624396648,2.2318069288431643e-05
rank4_best,31,1,converged,3,0.00017509980457688467,2.49749252584047e-09,0.011828212053530669,0.00011359515524048564
rank4_best,32,1,converged,2,8.291194625126832e-05,5.05143874404146e-09,0.011235825463696574,5.6596983842377485e-05
rank4_best,33,1,converged,2,3.285121572864297e-05,1.5334183686858373e-09,0.005811518764938732,2.143031091119902e-05
rank4_best,34,1,converged,2,9.771419920538837e-05,9.599713009973738e-09,0.011365763642252273,6.212939568095994e-05
rank4_best,35,1,converged,2,0.000136595714316585,1.5598922247440884e-08,0.010525333093775088,0.00010209251529112276
rank4_best,36,1,converged,2,0.00012990034218382117,7.321178226100883e-09,0.009502962294410765,9.230348363339622e-05
rank4_best,37,1,converged,3,0.00011101321749383264,4.28728174629391e-09,0.009150586372572293,7.660589944084101e-05
rank4_best,38,1,converged,3,0.00011955224511170589,5.938146952198075e-10,0.011336277882508539,6.038246775227219e-05
rank4_best,39,1,converged,3,0.0001368519350399776,5.363338644863117e-10,0.011845562188054692,8.428317718373062e-05
rank4_best,40,1,converged,2,6.393407090269958e-05,6.438478178035038e-09,0.011235870947180265,5.22627559225919e-05
rank4_best,41,1,converged,2,5.533886435842411e-05,6.505373938208478e-09,0.010389939941102601,3.431476466751856e-05
rank4_best,42,1,converged,3,0.00013944144791179635,4.948822459680759e-10,0.009390658499615123,0.00010380705251478209
rank4_best,43,1,converged,2,0.0001072573947115108,1.2726504212865884e-08,0.009625547302869632,5.945397366240935e-05
rank4_best,44,1,converged,2,1.7430696620277712e-05,2.1466113659222403e-09,0.0067983496506542175,1.590088263910604e-05
rank4_best,45,1,converged,3,0.00014653039285567556,2.8354553959686733e-10,0.011328566770573478,0.00011052982504833209
rank4_best,46,1,converged,2,3.705056822764208e-05,8.09456928254637e-10,0.006806195143390149,3.1409236461697794e-05
rank4_best,47,1,converged,2,5.8155853832110166e-05,8.42087615130942e-09,0.008055333739801723,3.0041503979200284e-05
rank4_best,48,1,converged,2,8.579883914854143e-05,5.522079216369594e-09,0.00889807153631842,6.738394965516088e-05
rank4_best,49,1,converged,2,5.830905037759647e-05,1.2772578945978935e-08,0.010695628598347986,5.2382821629051614e-05
rank4_best,50,1,converged,5,0.0009373585435492832,1.3463456171547572e-08,0.011815143380994356,0.0006062442142905354
rank4_best,51,1,converged,2,4.189672852537271e-05,3.7153005444003363e-09,0.0061047265669706705,2.5343773743569247e-05
rank4_best,52,1,converged,4,0.00033249804166316535,4.968317980793977e-09,0.010404605517436293,0.00023265047231784737
rank4_best,53,1,converged,2,0.0001143452081410487,5.728428616129542e-09,0.009929280268115155,6.521652595427386e-05
rank4_best,54,1,converged,2,0.00011977014912374543,9.537784749390938e-09,0.010449472048541315,7.9267358460641e-05
rank4_best,55,1,converged,2,6.091298170988067e-05,6.1333098282705755e-09,0.010848436703305162,3.4912664220869726e-05
rank4_best,56,1,converged,2,9.198950383167528e-05,8.758024365207863e-09,0.008833960210533773,5.769623410019832e-05
rank4_best,57,1,converged,2,4.9576098329720405e-05,4.1705191684873795e-09,0.009147099668441575,3.632529711103295e-05
rank4_best,58,1,converged,2,7.868620034470343e-05,8.604391163784009e-09,0.0069690900999461744,3.9680268982632926e-05
rank4_best,59,1,converged,5,0.000881418925627184,1.5330467660687498e-09,0.011962906765094906,0.0005513064078335367
rank4_best,60,1,converged,2,7.965794342091952e-05,5.499429524191987e-09,0.00998126128386183,5.574036766534334e-05
rank4_best,61,1,converged,2,0.0001597200641102728,5.912574416399593e-09,0.011476718691841999,9.448476512782214e-05
rank4_best,62,1,converged,5,0.0009414084507869247,2.299348595740967e-09,0.010292827892850426,0.0006184635799884122
rank4_best,63,1,converged,3,0.00014882630136004235,5.266304320962837e-10,0.010525763297193026,7.617826046985192e-05
rank4_best,64,1,converged,2,4.7586645277186645e-05,7.4495822302080475e-09,0.011073735343272035,3.39608638197436e-05
rank4_best,65,1,converged,3,9.42853617940797e-05,7.924927858473926e-10,0.007712547039852205,6.544918317970219e-05
rank4_best,66,1,converged,2,3.811848275558027e-05,3.72720662745422e-09,0.00868969866150569,3.342759110444896e-05
rank4_best,67,1,converged,3,0.00013039406058190696,3.2509186337696534e-10,0.01025295189002058,7.707476257487404e-05
rank4_best,68,1,converged,5,0.0011626515358395106,1.3317301731349177e-08,0.009401394135153122,0.0007678232511789194
rank4_best,69,1,converged,3,0.00019517021745675374,6.029898051804482e-10,0.01180507639646472,0.00010273478055078271
rank4_best,70,1,converged,3,0.00012938295070668386,3.2133721705222347e-10,0.010247881627429704,7.613394968197433e-05
rank4_best,71,1,converged,2,7.624328535501676e-05,1.3118914325503271e-08,0.011176605448180242,5.612163596627789e-05
rank4_best,72,1,converged,2,2.5387697277435768e-05,8.712820074215112e-10,0.007750610014165201,1.3092730890321736e-05
rank4_best,73,1,converged,2,0.00013367007850377234,1.5123086026903633e-08,0.010800949533467425,6.962377682789745e-05
rank4_best,74,1,converged,2,5.3393980772210816e-05,4.290901058843641e-09,0.008880587381454358,3.3329276216264276e-05
rank4_best,75,1,converged,3,0.00017357691400052557,1.4964772307819504e-08,0.007636284554905896,0.00012184489414871947
rank4_best,76,1,converged,2,0.00011062130645384312,9.848087705359968e-09,0.008215759374651629,8.366797335301063e-05
rank4_best,77,1,converged,2,6.31689039362957e-05,5.266277272938245e-09,0.010939125211269182,4.558391554273644e-05
rank4_best,78,1,converged,2,8.069025180657482e-05,6.421185870856747e-09,0.008585036497670681,4.508131604238323e-05
rank4_best,79,1,converged,2,3.787935828066565e-05,2.8900187675445396e-09,0.007950822358297437,2.211746865994474e-05
rank4_best,80,1,converged,2,1.0681807929720226e-05,1.4007750399787604e-10,0.004297275497550067,6.694124447116081e-06
rank4_best,81,1,converged,3,0.00017073918066147349,3.8344899746371524e-10,0.010590077922586509,0.00012910408598719542
rank4_best,82,1,converged,2,0.0001089180231302261,1.4237508607818344e-08,0.011339027148242073,5.522769377362906e-05
rank4_best,83,1,converged,2,1.1877805037630603e-05,5.751275948252819e-11,0.005005872601531111,7.901997325182149e-06
rank4_best,84,1,converged,2,4.048611916191493e-05,1.2881202977706082e-09,0.005897708110368482,2.7760229432467615e-05
rank4_best,85,1,converged,2,4.567243364127754e-05,1.13032724743515e-08,0.010883349813098478,3.8018890679631904e-05
rank4_best,86,1,converged,2,2.6408021436452506e-05,8.163081052315642e-10,0.007657931945757161,1.7032100019305713e-05
rank4_best,87,1,converged,2,0.00011441823660253074,4.951745422596674e-09,0.010849475833595244,8.00850205868112e-05
rank4_best,88,1,converged,2,1.8973152694114212e-05,3.3516246693673037e-10,0.0066928262922587465,1.1936597604088311e-05
rank4_best,89,1,converged,2,5.002128511329518e-06,2.4236443442570928e-11,0.005854697908665734,3.7049853436770173e-06
rank4_best,90,1,converged,5,0.0007848263037544309,1.9343522964855705e-09,0.011123687580018415,0.0005247154384104732
rank4_best,91,1,converged,2,2.60650174515271e-05,5.326571640415596e-10,0.007813312969379626,2.5661381956271076e-05
rank4_best,92,1,converged,4,0.0003900082835080231,1.7844063199870102e-09,0.010578144439562757,0.00029097109034034523
rank4_best,93,1,converged,2,2.1932585352678146e-05,1.713349207859804e-09,0.009044010527997455,1.354626780600378e-05
rank4_best,94,1,converged,2,0.00010387661482859669,1.9305371229336357e-08,0.010945788983836307,6.195869550535251e-05
rank4_best,95,1,converged,2,9.057878881540847e-05,1.2606065035756404e-08,0.0103206448317389,5.5796906742713546e-05
rank4_best,96,1,converged,5,0.0005765817642004838,2.235428562514345e-09,0.009812259361912866,0.00038329411993460723
rank4_best,97,1,converged,2,1.6974601663285065e-05,6.979838121312868e-10,0.006362958210960289,1.4097059371232942e-05
rank4_best,98,1,converged,2,8.159005330917554e-06,1.4117104721685437e-10,0.0039060006766485646,5.281253812062337e-06
rank4_best,99,1,converged,2,5.775271100974161e-05,4.439032003460979e-09,0.007756611302952018,3.501453663970702e-05
rank4_best,100,1,converged,2,2.2072761699919008e-05,8.497004449458682e-10,0.00432817333157375,1.3408445553638073e-05
rank4_best,101,1,converged,2,7.814108673976006e-05,2.7707194765312788e-09,0.008211497744575443,4.7161309887163095e-05
rank4_best,102,1,converged,2,4.61843931995917e-05,2.2711215165665834e-09,0.0063496298061763755,2.642657904661332e-05
rank4_best,103,1,converged,2,4.5820972185890424e-05,5.308160214462537e-09,0.009616473418143224,3.775307430045408e-05
rank4_best,104,1,converged,4,0.0002495288314712557,1.4906492592687333e-09,0.009949319528098527,0.00017878470476564838
rank4_best,105,1,converged,3,0.0003032527709962166,5.479031472320316e-09,0.011758312939048414,0.0002036875616832961
rank4_best,106,1,converged,2,1.7871547304028546e-05,6.098449676746505e-10,0.005686725332813464,1.3961586570953688e-05
rank4_best,107,1,converged,2,6.492824460102817e-05,6.553340690347846e-09,0.009643798458672113,4.494783421982443e-05
rank4_best,108,1,converged,4,0.0006298227706008377,1.4418399713258735e-08,0.011709002651836045,0.00038323963696792687
rank4_best,109,1,converged,2,3.515918677895068e-05,2.9024246580970463e-09,0.008011682365184755,1.9629585154367555e-05
rank4_best,110,1,converged,3,0.0002376438627621315,9.35576261980862e-09,0.011718994125180711,0.00016883809823133597
rank4_best,111,1,converged,4,0.0005944493078611283,1.3532457406194718e-08,0.011064119892131173,0.0004304999856874376
rank4_best,112,1,converged,2,0.00016730908002158504,4.449923301849065e-09,0.010158632791662703,0.000122598968769661
rank4_best,113,1,converged,3,6.305156357897234e-05,2.5135875747877377e-10,0.011482654823808431,5.2309711321012885e-05
rank4_best,114,1,converged,4,0.00044667643357407434,1.0496209809657804e-08,0.009140890428799342,0.0003123466620373345
rank4_best,115,1,converged,3,0.00020426795666730202,1.6086600766368766e-09,0.011786025817612558,0.00012777782393380162
rank4_best,116,1,converged,3,0.00019961462587084113,6.088999272167469e-10,0.010468060297329539,0.00010032186221301351
rank4_best,117,1,converged,3,0.00017592753896558875,1.4224295515525304e-08,0.008633459198732778,0.00011950987920775616
rank4_best,118,1,converged,2,3.621503900409427e-05,2.0708858172237904e-09,0.0055218308395354725,2.0405017960113962e-05
rank4_best,119,1,converged,2,5.9452199230379176e-05,3.055940219664711e-09,0.0072179738111666685,4.0193426017995444e-05
rank4_best,120,1,converged,2,5.4228858619379084e-05,4.821146331193818e-09,0.0089603809676152,3.611557961005556e-05
rank4_best,121,1,converged,5,0.0012824653441556907,1.0675105241485027e-08,0.010187956686969726,0.0008718796164321449
rank4_best,122,1,converged,2,0.00015728073865069802,6.022369513312194e-09,0.010868250691237934,0.00010761591485060878
rank4_best,123,1,converged,2,0.00012768185848509338,1.2507008919251547e-08,0.010450219006940865,8.466836430030217e-05
rank4_best,124,1,converged,2,4.358822310018935e-05,1.337251205102958e-09,0.007668082378652256,2.69470709952881e-05
rank4_best,125,1,converged,2,0.0001427601466987896,1.2950209797723532e-08,0.00979462036573015,9.230876246253258e-05
rank4_best,126,1,converged,2,0.00013031822512849414,1.8886124846299854e-08,0.01066001866580961,0.00010585710613296434
rank4_best,127,1,converged,2,4.164930249410976e-05,2.663632752716887e-09,0.009766883515862329,2.3523178291032354e-05
rank4_best,128,1,converged,3,0.00014318046763926842,1.8399321320481415e-08,0.007629124111713953,9.607544656194754e-05
rank4_best,129,1,converged,2,8.794306396183791e-05,1.034661155000621e-08,0.010251396237065207,6.164436361573826e-05
rank4_best,130,1,converged,2,4.7118699136728916e-05,4.608020296066706e-09,0.008374108264560167,3.2960832046982944e-05
rank4_best,131,1,converged,2,6.615493136889945e-05,1.2451746059804384e-08,0.009066846488277245,5.020662143686818e-05
rank4_best,132,1,converged,2,5.2380679457221304e-05,1.5340213973920917e-09,0.005925632683661356,3.3538319906503024e-05
rank4_best,133,1,converged,2,0.0001110356606241109,7.743170597740402e-09,0.010319291896098473,7.313897418696168e-05
rank4_best,134,1,converged,2,4.5490054412621185e-05,3.885032360850419e-09,0.009992210349961181,3.210840971470092e-05
rank4_best,135,1,converged,2,6.933009663507832e-05,2.509123458713834e-09,0.006873647032025197,4.404239839418997e-05
rank4_best,136,1,converged,5,0.0007277923019366454,1.8317529647227813e-09,0.008298151280220432,0.0004937808678717121
rank4_best,137,1,converged,2,5.5331738872949975e-05,3.015376148361189e-09,0.011071459258145885,3.2374291273361244e-05
rank4_best,138,1,converged,3,0.00020513889005792173,7.092946376385914e-10,0.01008001986950656,0.00013857711504638596
rank4_best,139,1,converged,4,0.0002849988710776889,9.84222996609864e-10,0.007920808255220532,0.00020985848762674036
rank4_best,140,1,converged,3,0.00014203345483629473,4.030643473692059e-10,0.011693644642765365,0.00011238189665335392
rank4_best,141,1,converged,2,3.59307416378344e-05,3.0276584032584884e-09,0.01096613711573342,3.4305251310854625e-05
rank4_best,142,1,converged,3,0.00014929365347526034,2.3040654231940524e-10,0.011860201281691267,0.00010189531488545805
rank4_best,143,1,converged,2,4.736368083280161e-05,1.597919893898612e-09,0.011154520673324887,3.38880239934429e-05
rank4_best,144,1,converged,2,3.449950806771545e-05,1.0973779012867307e-09,0.010003394971295066,2.3813095876086246e-05
rank4_best,145,1,converged,2,9.290435323271684e-05,9.00437037999095e-09,0.009258418130785288,5.557362812021549e-05
rank4_best,146,1,converged,3,0.00024696318009683344,1.537650522745727e-09,0.01187110926043707,0.00014454495414686975
rank4_best,147,1,converged,2,3.678237311457892e-05,1.0462235088377503e-09,0.00487821890006175,2.662164480513119e-05
rank4_best,148,1,converged,2,8.000464871310175e-05,4.6749145217364864e-09,0.008068263938918227,4.781714284054687e-05
rank4_best,149,1,converged,2,0.00013616190076139507,1.7145188622052244e-08,0.011667614231808175,9.816490641371433e-05
rank4_best,150,1,converged,3,0.0001742982471402449,2.5061053724153107e-10,0.011900232064991108,0.00012156201609214362
rank4_best,151,1,converged,3,0.00017342678056631296,7.63186052574383e-10,0.011259510222526263,0.0001386434311770209
rank4_best,152,1,converged,2,7.48844019160461e-05,2.6817197390453415e-09,0.007594340681755887,5.409647329059828e-05
rank4_best,153,1,converged,2,9.014522378218186e-05,9.146136012886021e-09,0.011668075855969191,8.91622784923322e-05
rank4_best,154,1,converged,2,0.00011024613969752406,1.0659403580528646e-08,0.007435016375443124,5.653729918188077e-05
rank4_best,155,1,converged,4,0.0005818384317228137,1.064339319004137e-08,0.00769720296762024,0.0003863163676548178
rank4_best,156,1,converged,2,0.00010920065408620596,1.3660083052568745e-08,0.009625923554877321,6.891274467099751e-05
rank4_best,157,1,converged,2,0.00013491885842232661,1.086576117978795e-08,0.008987047999463786,9.348174730509726e-05
rank4_best,158,1,converged,2,3.817935528541911e-05,1.0006290432730378e-09,0.005935863078074023,3.262588322203956e-05
rank4_best,159,1,converged,3,0.00011204316983046107,6.680137752710542e-09,0.011008998856043397,6.506835842083978e-05
rank4_best,160,1,converged,2,0.00010095934106881222,5.928611594123516e-09,0.008489126437032563,7.665282191518868e-05
rank4_best,161,1,converged,2,4.284932702066578e-05,2.202155204714105e-09,0.0073462354136632465,4.0438803580492724e-05
rank4_best,162,1,converged,2,1.3809767215727404e-05,8.324349546593835e-10,0.008236973547420487,1.3455012782405201e-05
rank4_best,163,1,converged,2,0.00010213194704662899,7.151800838415561e-09,0.009121387339996753,6.67513231481861e-05
rank4_best,164,1,converged,2,3.560414181486614e-05,3.279335422262041e-09,0.007395464666437186,2.5357424139365683e-05
rank4_best,165,1,converged,3,0.000324009511438042,1.8182469679784132e-08,0.010049344622884364,0.0002002260917338253
rank4_best,166,1,converged,2,2.9032388619425342e-05,6.696783499337487e-10,0.0046972848350807315,1.9726674316351215e-05
rank4_best,167,0,iteration_or_line_search_limit,5,0.001334784821351804,2.0803415464130417e-08,0.011791236694424286,0.0008647742302371783
rank4_best,168,1,converged,1,3.843285034474361e-06,5.05462378269902e-09,0.0018557532018874739,2.3818670831034686e-06
rank4_best,169,1,converged,4,0.0005249510302888148,1.1697524118327972e-08,0.011917003791912168,0.0003651157488718536
rank4_best,170,1,converged,4,0.00022050331827690468,2.2449161702191667e-09,0.0069780435846514355,0.0001496948474434645
rank4_best,171,1,converged,2,6.501053565701224e-05,4.739857409130693e-09,0.009238601804750743,4.2467717191873576e-05
rank4_best,172,1,converged,2,7.295339239927063e-05,5.377736593653563e-09,0.008598854468902031,4.4057889628374855e-05
rank4_best,173,1,converged,2,7.409309740881148e-05,1.9651590364212532e-08,0.01023302142972347,6.830770921815393e-05
rank4_best,174,1,converged,2,4.4272794080000864e-05,1.8486765622275218e-09,0.00567703272381433,2.8912442010312588e-05
rank4_best,175,1,converged,2,9.9339517351979e-06,7.520341356009809e-10,0.006344099051361579,7.414143475123631e-06
rank4_best,176,1,converged,4,0.0004306853495521911,7.50195233830176e-09,0.010132708976046378,0.00030969008030350565
rank4_best,177,1,converged,2,0.000100150693479572,3.3977351751825612e-09,0.009574012210971374,6.821224509930488e-05
rank4_best,178,1,converged,2,7.343733990325545e-05,9.336729961457438e-09,0.007149037300985373,5.333067105674661e-05
rank4_best,179,0,iteration_or_line_search_limit,5,0.003035899773393274,1.6169213208424168e-07,0.011688256720933172,0.0019286010898688206
rank4_best,180,1,converged,2,6.186758244489456e-05,3.3898146387190938e-09,0.007295895300879657,3.8144972152727696e-05
rank4_best,181,1,converged,2,7.399601494916631e-05,3.4180017482857196e-09,0.00935614889873827,5.332011541117482e-05
rank4_best,182,1,converged,4,0.000416625046012731,3.3793497677254476e-09,0.009971199322662692,0.00025401557574874725
rank4_best,183,1,converged,2,8.47470953182434e-05,5.261499656250902e-09,0.007691284668992095,4.241908513471107e-05
rank4_best,184,1,converged,2,0.00014573447793068712,4.454387373966879e-09,0.011783577030430703,0.00010348723920993518
rank4_best,185,1,converged,2,9.015935941448617e-05,1.5141174635356263e-08,0.011046760850368742,5.0004727215648374e-05
rank4_best,186,1,converged,2,8.798942404082669e-05,6.170721863099303e-09,0.008429460965060623,7.394227672991827e-05
rank4_best,187,1,converged,3,0.00015886955988367443,7.424465690669723e-10,0.011017838072959904,0.00010756594631604857
rank4_best,188,1,converged,3,8.108967975541707e-05,3.332412818484083e-10,0.010521409681232266,6.357263342657062e-05
rank4_best,189,1,converged,4,0.0004437088490381606,1.085708538896858e-08,0.011965023313566336,0.0003065541109358725
rank4_best,190,1,converged,3,0.0001732606270663257,1.888364450476643e-09,0.011036009900425007,0.00011225715207581588
rank4_best,191,1,converged,2,4.019229331635796e-05,1.2209576409458242e-08,0.01123633880702303,4.0491274636320076e-05
rank4_best,192,1,converged,2,0.0001139625789758327,3.173355606649025e-09,0.008980060816797225,6.522441624357541e-05
rank4_best,193,1,converged,3,0.00021078166585367523,6.938962713742452e-10,0.0114758388457775,0.00016142695029596412
rank4_best,194,1,converged,2,3.7057314572404666e-05,1.3650629910442143e-09,0.007040286382888565,3.4548080235997203e-05
rank4_best,195,1,converged,3,0.0002467590323979614,1.669863678565444e-08,0.01153893764929889,0.00018046774901829183
rank6_best,1,1,converged,2,3.664791663131956e-05,1.3685930028752073e-09,0.005189295993231171,2.9927568394359262e-05
rank6_best,2,1,converged,3,0.00014127914264522098,4.217950406227266e-09,0.010469979717146582,0.0001857321490708158
rank6_best,3,1,converged,2,2.7039649989492547e-05,8.604142116059504e-09,0.006460512283161095,4.761404198512842e-05
rank6_best,4,1,converged,2,7.695941481749564e-06,1.524225574022805e-10,0.0025993866443642056,8.421030653958409e-06
rank6_best,5,1,converged,2,1.1033813998082904e-05,2.0924740302759648e-10,0.003600166928445365,1.3507574044822466e-05
rank6_best,6,1,converged,4,0.0001859176311754318,3.2266194308860522e-09,0.011223452592959553,0.00016695767656165676
rank6_best,7,1,converged,5,0.00020979722486376783,7.373839353890091e-09,0.011101900978992127,0.00020682628155491506
rank6_best,8,1,converged,3,6.73461619422475e-05,1.7069358193383392e-09,0.010065307428434646,0.00012153175008917243
rank6_best,9,1,converged,1,6.024145599053858e-08,6.636437155077698e-11,0.0003204309231037501,1.332284552864683e-07
rank6_best,10,1,converged,3,0.00012961401603122838,6.663998546829448e-10,0.010214027850928564,0.0001307557937014492
rank6_best,11,1,converged,3,0.0001291782769678754,2.8693079811763464e-09,0.009709213990993084,0.00013696473656811198
rank6_best,12,1,converged,2,6.582681005144904e-05,6.6669182671859724e-09,0.009513806643061565,7.965842488424331e-05
rank6_best,13,1,converged,3,0.00017900673490956113,1.6699212878032502e-09,0.011398457442809574,0.00014888218832921697
rank6_best,14,1,converged,2,6.843665362629411e-05,7.370820058615878e-09,0.008941452220885741,8.457805940901834e-05
rank6_best,15,1,converged,3,8.248300117988108e-05,2.4697244514084315e-09,0.008710872335437861,0.000156112380065032
rank6_best,16,1,converged,3,0.00013991042797580522,1.36297079762484e-09,0.010072428016631427,0.00012568247098470854
rank6_best,17,1,converged,2,2.996775594279233e-05,1.1635675548888126e-09,0.004660323518143218,2.5145506974372995e-05
rank6_best,18,1,converged,2,4.932870631191627e-05,6.142245895821498e-09,0.006353451337163671,5.0227610577731914e-05
rank6_best,19,1,converged,3,4.893285180651246e-05,6.017647836040619e-10,0.0065792259857843155,8.869326131824272e-05
rank6_best,20,1,converged,2,5.8461547888631546e-05,3.5019896465784953e-09,0.006510041516767564,4.7850949565290436e-05
rank6_best,21,1,converged,2,2.6961113502115877e-05,7.920402731194955e-10,0.004422827570247454,2.222973280315402e-05
rank6_best,22,1,converged,2,4.548776731866822e-06,1.587982653693625e-10,0.0018945001672882854,6.6250064753696545e-06
rank6_best,23,1,converged,3,5.25395212112229e-05,8.409706444057603e-10,0.007038455957408168,0.00010187786115832614
rank6_best,24,1,converged,2,7.540236916719818e-06,2.7674583446532835e-10,0.0023782075826948622,8.700467924538255e-06
rank6_best,25,1,converged,2,4.438057582510063e-05,4.855632471526679e-09,0.006728616193819262,5.2970924743275406e-05
rank6_best,26,1,converged,1,1.6814024668949021e-06,3.928781472732035e-09,0.0017830746595655967,1.7414759959536575e-06
rank6_best,27,1,converged,2,5.142552621010798e-05,5.1079956052005445e-09,0.00897425134451814,5.723295193421184e-05
rank6_best,28,1,converged,2,2.2398440486104966e-05,1.0429096097592793e-09,0.0040646218771068,2.017084606308574e-05
rank6_best,29,1,converged,2,3.901848393046302e-05,2.641723618031341e-09,0.0077617404231629895,4.4180916522131905e-05
rank6_best,30,1,converged,2,2.438197400457997e-05,1.521114044075606e-09,0.00421955387818834,2.2762781709014695e-05
rank6_best,31,1,converged,5,0.0002189665796574449,4.441684915548264e-09,0.011429661523000324,0.00019982481483402355
rank6_best,32,1,converged,3,0.00016112732916833718,5.972067975666607e-09,0.011191905459433625,0.000213424782048599
rank6_best,33,1,converged,2,8.074151669883047e-05,1.3452004923228813e-08,0.009734465579410089,9.960442490515551e-05
rank6_best,34,1,converged,2,7.771812566747868e-05,1.8561154615890358e-08,0.011616022600260328,7.727232355747122e-05
rank6_best,35,1,converged,2,4.585846069338675e-05,8.328052859494953e-09,0.009224208594463844,4.305859634125374e-05
rank6_best,36,1,converged,2,4.499059974873757e-05,4.222133794993903e-09,0.005718621615451002,4.023586833595901e-05
rank6_best,37,1,converged,3,0.00013622170835539228,8.105181503694505e-10,0.01063787202176983,0.00014333775806968052
rank6_best,38,1,converged,2,1.6913795573160504e-05,2.1134280795609995e-09,0.005687665144850659,1.8341672522963692e-05
rank6_best,39,1,converged,3,0.00016338077163124823,7.80834633953982e-09,0.01144299819369694,0.0002398370094276056
rank6_best,40,1,converged,2,3.27080987776256e-05,4.447190756930579e-09,0.00784058617591318,2.9815321083790996e-05
rank6_best,41,1,converged,2,4.4630068168050426e-05,3.315884682410699e-09,0.007526941780250932,5.480241694705854e-05
rank6_best,42,1,converged,2,1.9520969646388288e-05,1.1471582081666597e-09,0.0038150219044215342,1.9166752735442143e-05
rank6_best,43,1,converged,2,4.526722999142714e-05,7.251122485922178e-09,0.009061153000848804,4.343168248778057e-05
rank6_best,44,1,converged,3,7.74049589644992e-05,2.3603988181553392e-09,0.010943830202284998,0.00013626750401152636
rank6_best,45,1,converged,2,8.378314039117786e-05,1.7733794778455945e-08,0.00824066991821674,8.091797009559897e-05
rank6_best,46,1,converged,2,1.1791009367569987e-05,3.5458355277090815e-10,0.0030937919184645672,1.168664099404973e-05
rank6_best,47,1,converged,2,3.346460638235538e-05,2.5650335895073096e-09,0.005124501899127238,3.0954413454799106e-05
rank6_best,48,1,converged,2,5.997278673764714e-05,9.66328728441054e-09,0.007534769690423813,6.868612578204477e-05
rank6_best,49,1,converged,2,7.065996092415808e-05,9.374572580260384e-09,0.00715758679649006,6.202014535115481e-05
rank6_best,50,1,converged,2,6.347547128159158e-05,9.732239725181318e-09,0.008178475689443965,7.660779981597165e-05
rank6_best,51,1,converged,3,0.00013210406927593486,1.468845002188104e-09,0.00981951664207448,0.0001252246598112606
rank6_best,52,1,converged,3,5.3975588867221496e-05,7.496154231513595e-10,0.009838533453635839,7.749938452267229e-05
rank6_best,53,1,converged,3,7.454020728768886e-05,5.073220777963707e-10,0.011936641113181545,6.775210761631945e-05
rank6_best,54,1,converged,2,9.535801527082282e-05,1.1559515226929953e-08,0.010940647335111157,0.00011686527331916579
rank6_best,55,1,converged,3,9.734579135535261e-05,4.536922016622857e-09,0.011601108333118604,0.0001856991234241898
rank6_best,56,1,converged,3,0.00014660602372853975,1.0407820872738136e-08,0.011604426202206147,0.0002761789497972945
rank6_best,57,1,converged,2,7.697266418635962e-05,1.456071232562909e-08,0.008423113253841933,8.840779132544371e-05
rank6_best,58,1,converged,2,8.554986480537329e-05,8.358732241376687e-09,0.007935837385447122,7.09796639769952e-05
rank6_best,59,1,converged,2,4.914439579793744e-05,9.96026404158552e-09,0.009578914180032557,4.591631086944764e-05
rank6_best,60,1,converged,2,3.463287598773832e-05,1.2799313741970701e-08,0.005601931186950305,6.399643882058225e-05
rank6_best,61,1,converged,3,5.4269284302349795e-05,5.251088411420059e-10,0.006711424112209862,8.463697933741206e-05
rank6_best,62,1,converged,3,0.00011681463571082614,6.682647163407883e-10,0.010561771237922044,0.00013385315454807024
rank6_best,63,1,converged,3,6.384301204554305e-05,5.767956995051701e-10,0.0071154710071512925,8.633560456039872e-05
rank6_best,64,1,converged,2,2.2730918719322224e-05,2.7017018530344563e-09,0.006669900516605994,2.1437580088028405e-05
rank6_best,65,1,converged,3,8.03917364450646e-05,4.979278480510735e-10,0.008084623335245069,0.00011726382082515824
rank6_best,66,1,converged,2,2.2239228332238034e-05,1.8150528345923666e-09,0.0063738040652292416,2.0746430304530344e-05
rank6_best,67,1,converged,3,8.971531039727452e-05,2.8078750120198286e-09,0.008618980012322284,0.00013382096654942233
rank6_best,68,1,converged,3,0.00013071518710099558,6.179541827992564e-10,0.009811649143098074,0.00012156736825701903
rank6_best,69,1,converged,2,5.95972404399725e-05,9.201288235730692e-09,0.006997893116142912,5.910777326247505e-05
rank6_best,70,1,converged,2,5.143881794300008e-05,1.5677903398892692e-08,0.01005822887092884,4.798898863750949e-05
rank6_best,71,1,converged,3,9.02540204411354e-05,2.9940106628869426e-10,0.00865817429743227,9.035216357760985e-05
rank6_best,72,1,converged,3,0.00012109869632677429,4.984600820653756e-10,0.011405312510974154,0.00014828928379064522
rank6_best,73,1,converged,3,0.0001344720152436438,5.5901435649527605e-09,0.009846931213372287,0.0001425856807831671
rank6_best,74,1,converged,3,0.00015665675613644523,1.3682981887592782e-09,0.01184937381354871,0.0001699405974198663
rank6_best,75,1,converged,2,1.0149557565926235e-05,6.690135222940794e-10,0.004397518965347959,1.0163059499866213e-05
rank6_best,76,1,converged,2,7.122234426743341e-05,8.4122083311323e-09,0.00724362787058499,6.195660452333853e-05
rank6_best,77,1,converged,1,5.50453908501109e-06,1.9572315706889767e-08,0.002054845345313135,6.2081572760339395e-06
rank6_best,78,1,converged,2,2.6307005992985453e-05,1.0202947567164982e-09,0.0061454073808597754,3.0933177734082365e-05
rank6_best,79,1,converged,2,6.895158285407902e-05,1.362733177695713e-08,0.01104973378493356,6.912038768768496e-05
rank6_best,80,1,converged,3,8.859885828261705e-05,1.7437342390889826e-09,0.008450736204280704,0.00013239965509146637
rank6_best,81,1,converged,3,9.841894399939755e-05,5.922324029337302e-10,0.00863659699505022,0.00010820095012090493
rank6_best,82,1,converged,2,6.183460707403669e-05,1.7655294315804726e-08,0.007876344560554393,0.00012351243613710735
rank6_best,83,1,converged,2,7.087789202768562e-05,7.675654423472581e-09,0.010022940732015094,8.491849154790456e-05
rank6_best,84,1,converged,2,2.2521367531726238e-05,1.0231975684694914e-09,0.005026550087442057,2.7575732916308013e-05
rank6_best,85,1,converged,3,5.2038664548736344e-05,4.6422560146999244e-10,0.006480346327291245,7.821617610527049e-05
rank6_best,86,1,converged,2,9.6620349531491e-05,1.2333944561288204e-08,0.010897089445895696,0.00011879774372545153
rank6_best,87,1,converged,3,4.709636987821194e-05,5.219993560449737e-10,0.009213896854980806,6.670119324817562e-05
rank6_best,88,1,converged,2,2.7695611651599813e-05,4.2082568887371124e-09,0.007364528096220687,2.6517975090566695e-05
rank6_best,89,1,converged,3,0.0001259518819789178,6.73718598175424e-10,0.01107252713536914,0.00014956434701358213
rank6_best,90,1,converged,3,0.00011342924666335096,1.073422658623645e-09,0.009112374995749444,0.00010963424158196235
rank6_best,91,1,converged,2,1.8704856660133102e-05,3.4424886172679492e-09,0.00398161639651083,3.1822512822455367e-05
rank6_best,92,1,converged,3,9.291277151304497e-05,3.4321293819076804e-10,0.008905056320110925,9.634560109749373e-05
rank6_best,93,1,converged,2,4.343091142996127e-05,2.546381015617196e-09,0.005608124138068462,3.6584084280599556e-05
rank6_best,94,1,converged,3,9.624507750548509e-05,3.4040969632530697e-09,0.009288885403698119,0.00017689890605409304
rank6_best,95,1,converged,3,0.0001242498738491923,4.951725984952221e-09,0.01018486191251571,0.00020258282427650334
rank6_best,96,1,converged,2,7.844513734601468e-06,8.942773047444531e-11,0.003244845652994075,9.70337855518247e-06
rank6_best,97,1,converged,1,2.7231969229770766e-07,1.7005534179829769e-10,0.0005738230705695778,3.515206299474844e-07
rank6_best,98,1,converged,3,0.00013295185228547372,3.9318065151457395e-09,0.010205862965645926,0.00018118478403636313
rank6_best,99,1,converged,3,9.110101327206889e-05,6.407798844415475e-10,0.008173662779110196,8.89332089595021e-05
rank6_best,100,1,converged,3,0.00011753961715465819,6.788414069467955e-10,0.010594202735556892,0.0001346711516502922
rank6_best,101,1,converged,2,9.957734692580448e-05,1.868335013715844e-08,0.010307882793869481,0.00012178513884941852
rank6_best,102,1,converged,2,1.4808969241110617e-05,5.122867971056023e-10,0.0034091332122315227,1.3920748051799919e-05
rank6_best,103,1,converged,3,0.00018539429297396474,7.0421222471075665e-09,0.011888928432453106,0.0002267231852720978
rank6_best,104,1,converged,3,7.201736764891457e-05,1.5110019462561493e-08,0.009474599382531425,0.0001405656288584604
rank6_best,105,1,converged,3,0.00011367854561586457,2.4928601017643473e-09,0.00940258070494189,0.00015076208792861914
rank6_best,106,1,converged,2,4.1070446638774825e-05,2.6013348320901894e-09,0.0073651074396151,5.003153468154665e-05
rank6_best,107,1,converged,3,0.0001525495173075547,3.1704179150107676e-09,0.01065702243237248,0.00016516775740634877
rank6_best,108,1,converged,2,2.1866548675633224e-05,1.2165597792957343e-09,0.004025961530060882,2.0554769915433375e-05
rank6_best,109,1,converged,3,6.430287953826433e-05,4.124567130141635e-09,0.00918534841970572,0.00013190744646361863
rank6_best,110,1,converged,3,0.00019379595064413716,1.1688703232549183e-08,0.011709938909814957,0.00016278018373912383
rank6_best,111,1,converged,3,0.00010332447174567013,4.430173195751122e-10,0.010576281586186474,0.00012560310011205974
rank6_best,112,1,converged,3,0.00011188218619219573,4.66445690434177e-10,0.010705749564259471,0.00013541060048292275
rank6_best,113,1,converged,5,0.00016201171769416199,3.560917874378253e-09,0.011663419122520896,0.00018748155409996164
rank6_best,114,1,converged,2,1.9422737620671314e-05,3.897806000306496e-09,0.005803261583024281,2.915834762908872e-05
rank6_best,115,1,converged,3,0.00011120267488143524,6.522805606921495e-09,0.01182069071959724,0.00022109636140746878
rank6_best,116,1,converged,2,3.861094608345615e-05,1.7197595971114995e-08,0.0060641254030735685,7.570682599429516e-05
rank6_best,117,1,converged,4,0.00014111442294043904,4.973690544224716e-09,0.010696098577221263,0.00017615591167223127
rank6_best,118,1,converged,2,5.7270988455600355e-05,1.5535030724074352e-08,0.006558856094626512,6.488647576450883e-05
rank6_best,119,1,converged,2,1.3456236620733494e-05,2.32998954332086e-09,0.004172295142568025,2.7917760782797983e-05
rank6_best,120,1,converged,3,0.00010110497072596626,5.340271934133535e-10,0.008769342408163277,0.00011533533336030736
rank6_best,121,1,converged,2,5.248087120342136e-05,1.3911545723695768e-08,0.010103579761896393,4.72976677771883e-05
rank6_best,122,1,converged,2,4.031870134702941e-05,1.7710394018196217e-08,0.0059809562892929975,7.343614310411651e-05
rank6_best,123,1,converged,2,2.7767029072225615e-05,1.999898003728968e-09,0.004803707912690437,2.867452357513449e-05
rank6_best,124,1,converged,2,9.425978441433399e-05,1.2427802603263728e-08,0.008252283865481182,7.960642451648164e-05
rank6_best,125,1,converged,3,9.159158998471492e-05,3.575829944756598e-10,0.00915248657128972,0.00010186119714208288
rank6_best,126,1,converged,3,0.0001798105669016914,7.916176213255124e-10,0.011430289123126615,0.00014854406960432056
rank6_best,127,1,converged,5,0.00018686844125689056,4.665096988087169e-09,0.010925536524671209,0.00019876474581154575
rank6_best,128,1,converged,3,8.969022809715448e-05,3.817638800662319e-09,0.010545149461982107,0.0001794322423331435
rank6_best,129,1,converged,3,0.0001542140905472585,7.252962027954062e-10,0.010784488699882626,0.00013885932576470806
rank6_best,130,1,converged,2,3.642959530380417e-05,1.3672904860411926e-08,0.005610069243923182,6.379463639008914e-05
rank6_best,131,1,converged,2,4.124164071716738e-05,2.5796389448691336e-09,0.007428154620981258,5.007803589928426e-05
rank6_best,132,1,converged,2,6.942334365902527e-05,7.106401189495029e-09,0.009115860372205659,8.574375642276075e-05
rank6_best,133,1,converged,2,2.7982762198384168e-05,5.328627078464572e-09,0.007375036974799607,2.834057635903477e-05
rank6_best,134,0,iteration_or_line_search_limit,5,0.00025594232452802023,2.372706246647722e-08,0.011728909082881907,0.00022896408504220723
rank6_best,135,1,converged,2,6.55844387937899e-05,1.8380681016012978e-08,0.010736160247301884,0.00010446895090130082
rank6_best,136,1,converged,3,0.00011098542755950945,6.5136131996166154e-09,0.011531518893508749,0.00022361978115286073
rank6_best,137,1,converged,2,4.294867688504247e-05,1.0701335197364494e-08,0.0057937892211836865,5.470981328356017e-05
rank6_best,138,1,converged,2,2.0990422829501634e-05,4.748212121778152e-09,0.004373735920367262,3.8964545862129344e-05
rank6_best,139,1,converged,3,5.4327334064553774e-05,4.860924368194568e-10,0.008406354309080091,0.00011249724678811082
rank6_best,140,1,converged,1,1.640727625525895e-06,8.60076778174703e-09,0.0012895821339461765,3.2980548945869353e-06
rank6_best,141,1,converged,4,0.00014617621512330605,1.97592067461549e-09,0.010084337467159166,0.00015750822153460942
rank6_best,142,1,converged,3,0.00011478292804346116,3.92552401236205e-09,0.009756398293907998,0.0001844017859200241
rank6_best,143,1,converged,2,8.175288524132241e-05,1.5433428762807456e-08,0.011747217428584674,8.703677676291511e-05
rank6_best,144,1,converged,3,6.700432372496693e-05,6.229164373673168e-09,0.010637302267075701,0.00012634087768538136
rank6_best,145,1,converged,3,0.00013628986389849546,1.1819363850241885e-08,0.009854792999657823,0.00015343799892614078
rank6_best,146,1,converged,3,6.740269321301701e-05,4.416343834894202e-10,0.011278570198713799,6.287962118179648e-05
rank6_best,147,1,converged,2,3.731107501202869e-05,1.1867449616352872e-08,0.008436822448384266,4.80556001200451e-05
rank6_best,148,1,converged,2,3.953164929515049e-05,4.9845431131504094e-09,0.008381552136844314,3.893383102839751e-05
rank6_best,149,1,converged,2,2.1409559392441332e-05,1.7016429554369637e-09,0.006258327882224775,1.991807789179238e-05
rank6_best,150,1,converged,3,5.335573226300866e-05,8.048131146952977e-10,0.007075063705718044,0.00010324995211306122
rank6_best,151,1,converged,1,3.244334535197568e-06,8.763380981393726e-09,0.0015792366097212899,3.635692468474766e-06
rank6_best,152,1,converged,3,0.00011201302840308896,7.555587660733495e-10,0.009012656587958988,9.99310351359204e-05
rank6_best,153,1,converged,2,4.053791902146576e-05,2.2635072285188806e-09,0.007605880495838924,4.80821691076623e-05
rank6_best,154,1,converged,3,0.00016080731443281364,1.71679854730716e-09,0.010782442979745942,0.00014108918174633478
rank6_best,155,1,converged,3,7.8198370428561e-05,6.036419963244552e-10,0.007637283548168282,8.520291639483595e-05
rank6_best,156,1,converged,2,9.498103857983208e-05,1.1464577362798028e-08,0.01092176117965296,0.00011639628089053276
rank6_best,157,1,converged,3,0.00014666231754407669,7.139238319096259e-10,0.010284598889793054,0.00012026269023730741
rank6_best,158,1,converged,2,2.1005570073240776e-05,1.1557245366619817e-09,0.004398679741837407,2.375487180940339e-05
rank6_best,159,1,converged,2,8.793592189085954e-05,1.2653635254510592e-08,0.008073380155923104,7.512328027222305e-05
rank6_best,160,1,converged,2,4.723778387351404e-05,3.4221500663229075e-09,0.005911083957911115,3.978174398751343e-05
rank6_best,161,1,converged,2,0.00010283920981142383,1.754183344643856e-08,0.01174873834367855,0.00012581361102132965
rank6_best,162,1,converged,2,3.2794800726084936e-05,2.84375960986545e-09,0.005252393327856989,3.383583969001783e-05
rank6_best,163,1,converged,3,0.00014566279286961034,1.0114751430967595e-09,0.011452575325885155,0.00016543958602879187
rank6_best,164,1,converged,2,2.5352200133086746e-05,7.7145943747665e-09,0.00491827874134678,4.9772119179151056e-05
rank6_best,165,1,converged,3,0.00011901554810388754,7.685943127839634e-09,0.01157155543637378,0.00024179937361338676
rank6_best,166,1,converged,4,9.862131700021689e-05,4.075554332308848e-09,0.010951113124285584,0.00015418883434542883
rank6_best,167,1,converged,3,0.00012705179407680395,5.153766486550712e-09,0.010282250616018467,0.00020564962233683958
rank6_best,168,1,converged,2,1.2347746258241273e-05,2.2626025912532448e-10,0.003953551212631964,1.5016394476419171e-05
rank6_best,169,1,converged,2,8.994913428738625e-06,4.295303931177766e-10,0.004237987690916837,8.46193261242112e-06
rank6_best,170,1,converged,2,4.332559054864318e-05,3.2126087508908435e-09,0.008164515711962368,4.927578450279282e-05
rank6_best,171,1,converged,3,6.665095899247017e-05,6.159589911479336e-10,0.011363484825590022,6.746708318409397e-05
rank6_best,172,1,converged,3,0.00011778254823366145,6.271796892885114e-09,0.010505291709201892,0.0002261880860966478
rank6_best,173,1,converged,2,7.2166719787091754e-06,3.190093278715581e-10,0.003693160348619525,7.030056561264041e-06
rank6_best,174,1,converged,2,4.144607505473192e-05,1.4284569574560039e-08,0.005868774653099369,6.472622975068765e-05
rank6_best,175,1,converged,3,9.741897373851866e-05,4.034443855734404e-09,0.00964417382289542,0.00018996917451907758
rank6_best,176,1,converged,3,0.00010720379106922545,4.127573225657411e-10,0.009279592310854429,0.00010747720446214958
rank6_best,177,1,converged,2,3.7895864570670056e-05,2.171762034003802e-09,0.00742665874198461,4.44826074266848e-05
rank6_best,178,1,converged,2,1.4721071551719209e-05,5.149202786782397e-10,0.0038373756491608974,1.7469634147086718e-05
rank6_best,179,1,converged,2,3.454848699383189e-05,2.1077915030101473e-09,0.006486830242496551,4.251734502901112e-05
rank6_best,180,1,converged,3,4.93754666488202e-05,8.208657109723358e-10,0.007188880285015797,0.00010050162725898342
rank6_best,181,1,converged,2,2.9517773282106505e-05,3.957495012606026e-09,0.004746387416342839,3.352533709176642e-05
rank6_best,182,1,converged,2,4.0312107622343074e-05,1.3280557098009134e-08,0.008795718494483368,4.667349389032133e-05
rank6_best,183,1,converged,3,0.00013622098777538367,7.761790093896995e-09,0.010963849888031956,0.0002448315014813137
rank6_best,184,1,converged,2,3.324408495111353e-05,7.294354399288887e-09,0.008055973099392275,3.2929690278833255e-05
rank6_best,185,1,converged,2,4.6774631107523754e-05,5.360333131876972e-09,0.008820079377169773,4.937027848017379e-05
rank6_best,186,1,converged,2,4.388847324700698e-05,2.390560834413906e-09,0.005668036840905809,3.613410758458905e-05
rank6_best,187,1,converged,2,4.291308936524766e-05,3.4306062798470745e-09,0.005681617332954261,3.751361224014786e-05
rank6_best,188,1,converged,5,0.00021736177246839744,5.472661716492196e-09,0.011304918073704266,0.00020220978963137137
rank6_best,189,1,converged,3,0.00011122996905362226,5.469348434049058e-10,0.009128962610226653,0.00011779022140263259
rank6_best,190,1,converged,2,3.0835441398371425e-05,1.1368782154949323e-08,0.006823384415804178,5.543772754713622e-05
rank6_best,191,1,converged,2,2.2830803123702867e-05,1.5114429641378724e-09,0.006305728007131413,2.2652913950866474e-05
rank6_best,192,1,converged,2,1.848558215537162e-05,3.700998470472191e-10,0.00367190078816028,1.5117434867826539e-05
rank6_best,193,1,converged,2,8.774264323332374e-05,1.066183855218286e-08,0.01030972782157493,0.00010812899935995414
rank2_comparable,1,1,converged,2,6.959290653627643e-05,7.599561942261994e-09,0.010989802586791535,7.285187852772012e-05
rank2_comparable,2,1,converged,2,2.6395934807672992e-05,3.9595411864399634e-09,0.011613960190012186,3.0153099844475313e-05
rank2_comparable,3,1,converged,2,2.821952731476495e-05,7.746177776349967e-10,0.010855945502964544,0.0001119772253577532
rank2_comparable,4,1,converged,3,0.00016416037551662805,1.4306151883789186e-10,0.011706053292723496,0.00014570999766901435
rank2_comparable,5,1,converged,2,1.0866187863426003e-05,9.179308273480073e-10,0.0062948904217648306,1.8082502698548394e-05
rank2_comparable,6,1,converged,3,8.633000211907131e-05,3.194977429394549e-09,0.01098642927259459,9.681752008017182e-05
rank2_comparable,7,1,converged,3,4.7877079418194686e-05,6.505594129421862e-10,0.01186136767030814,9.781784319812909e-05
rank2_comparable,8,1,converged,2,1.953715995797804e-05,1.3919541008392302e-09,0.00891967268655065,1.6381741049944198e-05
rank2_comparable,9,1,converged,2,2.2885892558568652e-05,1.5384694830462718e-09,0.009346587342609092,3.7609696700160886e-05
rank2_comparable,10,1,converged,3,0.00017167941618285537,7.118969885981596e-10,0.010051618950538353,0.00016683489223023984
rank2_comparable,11,1,converged,2,3.670066890941896e-06,5.975890388706509e-10,0.0068751301730224906,2.0301137426184284e-05
rank2_comparable,12,1,converged,2,1.8184052278520066e-05,4.689184591045069e-10,0.008336532504397136,1.6376327402647423e-05
rank2_comparable,13,1,converged,2,6.829554868862388e-05,7.328259550642014e-09,0.008800380702543806,7.669137302423719e-05
rank2_comparable,14,1,converged,2,2.759599531745652e-05,6.0112962206035216e-09,0.01178947789292723,7.363923347596567e-05
rank2_comparable,15,1,converged,2,6.30184684263183e-05,4.3980632633981035e-09,0.010659863691794787,6.590492468975586e-05
rank2_comparable,16,1,converged,2,9.481194308451152e-05,3.3604733417782e-09,0.011649155814843087,0.00010685940057869511
rank2_comparable,17,1,converged,2,6.71438817455534e-05,4.4977064204836975e-09,0.008799100549085987,0.00012477995925906925
rank2_comparable,18,1,converged,2,1.8486227613613398e-05,6.117028850330739e-10,0.00870013496472836,3.283553381585685e-05
rank2_comparable,19,1,converged,2,8.548680636310305e-05,9.983591813784926e-09,0.010923791035318969,7.457015295270389e-05
rank2_comparable,20,1,converged,2,1.1755345965773987e-05,2.7409675384674157e-10,0.010849986340057318,1.0602261645077352e-05
rank2_comparable,21,1,converged,3,0.00012088234466370247,4.447029022005197e-10,0.011286156293747933,0.00013380092624783386
rank2_comparable,22,1,converged,2,6.206346100148492e-05,1.2125239835599531e-09,0.008187252631806304,5.2243995346896736e-05
rank2_comparable,23,1,converged,2,9.176003914562205e-05,8.761819768278544e-10,0.010544359155090702,7.764034190968483e-05
rank2_comparable,24,1,converged,2,0.0001295248429169001,9.560546365635452e-10,0.01133967996569588,0.00010986136619757627
rank2_comparable,25,1,converged,2,2.149121289514647e-05,2.877758410158619e-10,0.007905424269316369,2.005103551482094e-05
rank2_comparable,26,1,converged,2,0.00012074963747819506,1.5635373521602347e-08,0.00983831554706718,0.00011424205899411367
rank2_comparable,27,1,converged,4,0.0001089755119623422,5.0402168973094714e-09,0.011443465579247197,0.00010267310549093584
rank2_comparable,28,1,converged,2,0.00022610667330601146,9.158368242191853e-09,0.011352854408882845,0.00019780652468839418
rank2_comparable,29,1,converged,2,5.939132097775221e-06,1.8673008535777604e-10,0.0087010424047667,9.512475249689793e-06
rank2_comparable,30,1,converged,2,7.034444836346352e-05,8.647376113660471e-09,0.011544746349916231,0.0001228383039950324
rank2_comparable,31,1,converged,2,4.06772913903676e-05,1.9295265416102274e-09,0.011628755799823717,0.00010442106252824529
rank2_comparable,32,1,converged,2,0.00011680126711699474,3.6875403281668485e-09,0.011240018869441997,9.859585324533334e-05
rank2_comparable,33,1,converged,3,8.164513693833794e-05,1.4644483580568275e-10,0.01174372544607511,0.00011765109370654212
rank2_comparable,34,1,converged,2,5.030314899256901e-06,1.6154141630689586e-09,0.009178151349349151,1.432364741249229e-05
rank2_comparable,35,1,converged,2,9.159474640747037e-05,8.626031832724356e-09,0.009926173737390027,8.712122627049337e-05
rank2_comparable,36,1,converged,2,3.97877313200089e-05,1.8645065629405636e-09,0.009603447902451745,0.00010942069933310056
rank2_comparable,37,1,converged,1,1.1267321649594602e-05,1.0705383875573582e-08,0.011832402701592642,3.561567036973909e-05
rank2_comparable,38,1,converged,2,6.426940175408922e-05,1.62539249216562e-09,0.009831387573243226,5.5973432861898405e-05
rank2_comparable,39,1,converged,3,0.00010059287623640928,3.5882073065391874e-10,0.010970888197961366,9.050268128616592e-05
rank2_comparable,40,1,converged,2,0.0001042167385683499,1.3175194453255259e-08,0.011410572980023423,0.00012170016860841112
rank2_comparable,41,1,converged,2,1.796562204335657e-05,7.350889715496429e-10,0.009513320815462271,4.905993206455483e-05
rank2_comparable,42,1,converged,3,0.0001021579184162272,5.386671608413128e-10,0.009834602880504063,0.00014178217560162923
rank2_comparable,43,1,converged,2,9.334352173259717e-05,1.1332431388443629e-08,0.011127321754351422,8.881865173491592e-05
rank2_comparable,44,1,converged,2,8.565951207822009e-06,4.825659594482869e-11,0.008572634572862892,4.941195560915564e-05
rank2_comparable,45,1,converged,2,0.00011256333581768736,3.1205600610135056e-09,0.010087774376991434,9.665548232362218e-05
rank2_comparable,46,1,converged,3,0.00014299329309851164,3.2708409232022236e-09,0.011064235952204462,0.00012841979571356283
rank2_comparable,47,1,converged,2,1.1158648432109238e-05,2.933401168893726e-11,0.008818092875565432,3.459102632173841e-05
rank2_comparable,48,1,converged,2,2.8929602386717084e-05,6.825993228979164e-10,0.011875274118843761,5.8292268667025995e-05
rank2_comparable,49,1,converged,2,1.5191887206592498e-05,1.089256139414776e-09,0.00958486799168937,6.242668227623612e-05
rank2_comparable,50,1,converged,2,5.7650267002532014e-05,1.3054920880090381e-09,0.008587887214609582,6.251718228852076e-05
rank2_comparable,51,1,converged,2,8.212223736188381e-05,1.2773722052574074e-08,0.010426630082693678,0.00017209925846720968
rank2_comparable,52,1,converged,2,2.417408165660053e-05,3.4425555547669964e-09,0.007104364537252147,4.5845075886100496e-05
rank2_comparable,53,1,converged,2,3.104502627993252e-05,1.00071148161091e-08,0.008362037480472517,5.3644539819550344e-05
rank2_comparable,54,1,converged,2,2.5301274318176885e-05,5.466883537128852e-09,0.010384699826059449,2.4689771643092e-05
rank2_comparable,55,1,converged,2,4.539125921577768e-05,2.523781832746502e-09,0.010710641307295439,4.89216510402672e-05
rank2_comparable,56,1,converged,2,8.100231984773255e-05,1.0306989657959382e-08,0.009688251075154941,7.762692758512803e-05
rank2_comparable,57,1,converged,2,4.360488974363749e-05,4.696534444592169e-10,0.00992635904621311,5.488797609543712e-05
rank2_comparable,58,1,converged,2,7.201255136455033e-05,1.3523656210913146e-09,0.011395211578300974,0.000127987070196897
rank2_comparable,59,1,converged,2,0.00010812031895031825,2.557312645690231e-09,0.010120660261478667,0.00011465180577282937
rank2_comparable,60,1,converged,3,5.045763487157312e-05,5.79848255956343e-10,0.010921537313161048,0.00013948944911603933
rank2_comparable,61,1,converged,2,0.00013068511648568618,1.5101427110350696e-08,0.009390755743857598,0.00012908371650228401
rank2_comparable,62,1,converged,2,1.5954760220883186e-05,6.151472697849624e-10,0.006683017829161033,1.7921524896299975e-05
rank2_comparable,63,1,converged,2,7.474081095812199e-05,1.9996078607162555e-08,0.011793611136945506,8.343752676581012e-05
rank2_comparable,64,1,converged,3,7.204988840422384e-05,3.3031190762036325e-10,0.011739407225807632,6.551784613906862e-05
rank2_comparable,65,1,converged,3,0.0001977204531175527,4.570279176829129e-09,0.010968534349968416,0.00016269169228235743
rank2_comparable,66,1,converged,2,4.458808161237797e-06,6.874538494887388e-10,0.00953280775080258,2.3305342710642256e-05
rank2_comparable,67,1,converged,2,1.567203653926022e-05,1.0675966548493448e-09,0.011830483228739709,9.928275296231629e-05
rank2_comparable,68,1,converged,3,0.00025106886102879494,6.323004606847396e-10,0.011632654192815586,0.0003765593735822024
rank2_comparable,69,1,converged,2,0.00013248255650366749,6.939715308901098e-09,0.011437032090474149,0.00013538939809855084
rank2_comparable,70,1,converged,2,7.389677005544314e-05,3.4879337979048338e-09,0.0111571122146764,6.961620865021023e-05
rank2_comparable,71,1,converged,2,8.299217445366845e-05,1.966569755805474e-09,0.010465742275891865,7.110386051617215e-05
rank2_comparable,72,1,converged,2,2.217318117588081e-05,1.1650762565423236e-09,0.011330886551651508,5.0441730743400056e-05
rank2_comparable,73,1,converged,3,9.055826059406072e-05,7.858636698769699e-10,0.011262445279009067,0.0001817695356151935
rank2_comparable,74,1,converged,2,9.39516015071181e-06,1.6133172695101953e-09,0.007539801523878478,4.591203952272214e-05
rank2_comparable,75,1,converged,3,5.322461266206183e-05,4.3581597163977275e-10,0.011753938376195521,5.930919813006338e-05
rank2_comparable,76,1,converged,2,5.0728625451643045e-05,7.006089095180458e-09,0.010999492490075128,5.3406853819466026e-05
rank2_comparable,77,1,converged,2,2.621241006489467e-05,1.3516011598120877e-09,0.010108902934081688,2.2298831163285423e-05
rank2_comparable,78,1,converged,2,2.6356730945056567e-05,3.298683405187028e-09,0.00922739864412523,2.1997392477078065e-05
rank2_comparable,79,1,converged,2,6.938241655246188e-05,2.3103789772989365e-09,0.01169245026783203,6.034801663003437e-05
rank2_comparable,80,1,converged,4,0.00025594035083323385,1.5217022455014334e-08,0.00911514752274833,0.000227985613614901
rank2_comparable,81,1,converged,2,0.00012236938737081448,3.966531566335606e-09,0.010735259746245696,0.00012927681524727404
rank2_comparable,82,1,converged,2,1.487854507873763e-05,4.178108719511375e-09,0.011456215059806946,8.006777000414762e-05
rank2_comparable,83,1,converged,2,7.832140682159166e-05,7.172071630567218e-09,0.011598120642664399,8.180036715899103e-05
rank2_comparable,84,1,converged,2,0.00010866397851135865,6.730832030631031e-10,0.00926235928225428,0.00010182114472054212
rank2_comparable,85,1,converged,2,7.880885500710103e-05,3.0430036552783365e-09,0.010608749204169675,6.692455706449997e-05
rank2_comparable,86,1,converged,2,0.0001659005181149009,2.9198270872915484e-09,0.011809657931174602,0.00014357881788967762
rank2_comparable,87,1,converged,2,7.435696379067148e-05,3.3371484073067987e-09,0.011908045273129305,6.378462850798777e-05
rank2_comparable,88,1,converged,2,0.00011855935391138655,2.3165576241283532e-09,0.011212587930128724,0.00010316218783476552
rank2_comparable,89,1,converged,2,9.923016249564439e-05,3.943314625800622e-09,0.011682852405290569,9.504003033630348e-05
rank2_comparable,90,1,converged,3,0.0004370295220765732,3.471138055163118e-10,0.011542796367296644,0.0005039619471716544
rank2_comparable,91,1,converged,2,5.199690182425846e-05,7.851612523515132e-09,0.010070235085965827,4.649956956278573e-05
rank2_comparable,92,1,converged,2,7.052309064823785e-05,2.2703565983341224e-10,0.010492947757269158,9.093774969217627e-05
rank2_comparable,93,1,converged,2,9.489488692064654e-06,5.023486935551285e-10,0.010656768962569828,8.660848050966304e-06
rank2_comparable,94,1,converged,2,3.334829924995579e-06,2.8424992030064237e-09,0.011401283765765055,1.2306635464628752e-05
rank2_comparable,95,1,converged,2,1.6781050844876233e-05,1.3548683482435684e-08,0.011589524213013376,8.754461017539903e-05
rank2_comparable,96,1,converged,2,9.758467478367831e-05,3.7129112702180053e-09,0.010147553624693922,8.288367803022894e-05
rank2_comparable,97,1,converged,3,0.00017871188758297732,9.221957870192709e-10,0.010990659302654927,0.00019417822866305565
rank2_comparable,98,1,converged,2,0.0001213626188132573,1.9854923793324878e-08,0.010527918939796396,0.000106089443227358
rank2_comparable,99,1,converged,2,3.5873338290777243e-06,1.0039190602709324e-09,0.008925599002715456,2.3662235815517512e-05
rank2_comparable,100,1,converged,3,0.00017441685222070245,1.3799486027542508e-09,0.011741157329830068,0.00016952488340852211
rank2_comparable,101,1,converged,2,0.0001481364720050211,1.090874929970436e-08,0.011666754782421197,0.000126680726535638
rank2_comparable,102,1,converged,3,9.635964377579987e-05,1.1233665700583578e-09,0.010363266124619061,0.00012092135324804167
rank2_comparable,103,1,converged,2,3.633307759118706e-05,2.47822720576241e-09,0.010649462172718754,6.822140501140784e-05
rank2_comparable,104,1,converged,2,3.54065254253928e-05,9.908617354526327e-09,0.010722482284575313,3.6760305220459726e-05
rank2_comparable,105,1,converged,2,3.072395194526033e-05,3.30332467802906e-09,0.008530408301159286,4.666762687594345e-05
rank2_comparable,106,1,converged,2,2.0620191461706677e-05,2.0845071813996096e-09,0.010970056921620966,3.8769471836168614e-05
rank2_comparable,107,1,converged,2,8.950031721724152e-05,8.113992115901918e-09,0.008239565482599593,0.00012718591471054465
rank2_comparable,108,1,converged,2,1.8688031967383745e-05,2.2108437351248157e-10,0.007359651631746079,2.8050617282355182e-05
rank2_comparable,109,1,converged,2,7.167033970432457e-06,4.751776377304499e-09,0.011833158566604838,4.811269053709177e-05
rank2_comparable,110,1,converged,2,4.542436856178407e-05,2.5797145849783846e-09,0.009427858746368246,4.658824492111184e-05
rank2_comparable,111,1,converged,2,4.623391409402075e-05,2.6579152321474406e-09,0.010244309234250027,5.4680215185879184e-05
rank2_comparable,112,1,converged,2,3.401750759299102e-05,4.043034596872512e-09,0.008070351242500126,3.748358225761124e-05
rank2_comparable,113,1,converged,2,2.352644460406959e-05,1.102864905081302e-09,0.011380072194008259,2.68550068752289e-05
rank2_comparable,114,1,converged,2,8.089653707174985e-05,1.2991162759285144e-08,0.009483667602198933,6.990711051521118e-05
rank2_comparable,115,1,converged,2,4.871580953254348e-05,1.351398325668497e-09,0.008054422903730367,4.100585360812457e-05
rank2_comparable,116,1,converged,2,2.774032358980266e-05,3.578975927078612e-09,0.011273415919308872,7.323511281905507e-05
rank2_comparable,117,1,converged,2,4.6060330404354134e-05,1.0893424926215476e-08,0.011523412051759836,7.963586770499455e-05
rank2_comparable,118,1,converged,2,8.847021725638438e-05,1.3577478200833509e-08,0.010902281436530225,0.00010944844863297441
rank2_comparable,119,1,converged,2,3.5979483080856e-05,1.8007186324684096e-09,0.008746715542926584,5.450754687251036e-05
rank2_comparable,120,1,converged,2,1.6925233751628864e-05,3.39993277724449e-09,0.010547228611329285,6.912335831805074e-05
rank2_comparable,121,1,converged,2,8.283432858322635e-06,3.955293551613661e-10,0.011043313173390943,1.0028663459024176e-05
rank2_comparable,122,1,converged,2,3.3706221132440625e-05,9.93227934423472e-10,0.010642178048880922,7.082322362458694e-05
rank2_comparable,123,1,converged,3,0.00015065098954548332,1.1075653360449751e-09,0.011935689220525233,0.00019287569183085108
rank2_comparable,124,1,converged,2,7.681892263165413e-06,3.3239551116060173e-10,0.011823145338162935,2.9038315286036813e-05
rank2_comparable,125,1,converged,3,3.80877361885496e-05,6.648469134026124e-10,0.011276078721142552,7.451042445591031e-05
rank2_comparable,126,1,converged,2,3.163757887375152e-05,1.613126711984485e-09,0.009983611500087511,4.42147325645459e-05
rank2_comparable,127,1,converged,2,4.8824814595398424e-05,8.364244629948834e-10,0.011836275762375337,4.436449787784377e-05
rank2_comparable,128,1,converged,3,0.00010651199280661684,1.9589726098504186e-09,0.011858575886629695,0.00015652939551124773
rank2_comparable,129,1,converged,2,5.006665125140809e-05,1.5794388570045504e-08,0.011190768553357152,0.0001007300202645194
rank2_comparable,130,1,converged,2,0.00011402584873867975,1.3314624805521386e-08,0.01032031271419232,0.00015868127363224426
rank2_comparable,131,1,converged,2,3.430915222287587e-05,7.266746787228702e-09,0.010596828557194009,6.497211201582386e-05
rank2_comparable,132,1,converged,3,0.00011909429943120766,4.0935541167896416e-10,0.008347534452634277,0.00015362863532909443
rank2_comparable,133,1,converged,3,0.00011479347891610352,1.2930561671105208e-09,0.01190615337783751,0.00022208134644418994
rank2_comparable,134,1,converged,2,6.782062649377141e-05,9.0908630471702e-09,0.011637567240844002,0.00010368600520020334
rank2_comparable,135,1,converged,2,2.489731957047871e-06,1.8636446205339892e-09,0.011186747529897794,1.4800978901508192e-05
rank2_comparable,136,1,converged,2,2.0746772280689046e-05,1.1007134252296316e-09,0.006308732078260903,3.4826347128054154e-05
rank2_comparable,137,1,converged,2,6.428856024573119e-05,2.4538123984654246e-10,0.008375072586027384,6.014397475209188e-05
rank2_comparable,138,1,converged,2,1.549222574043518e-05,1.3271223952905247e-08,0.011215771868062935,0.00010193404898465843
rank2_comparable,139,0,iteration_or_line_search_limit,5,0.0006321386939791653,3.8394956755566445e-08,0.011933134821443923,0.0005494479390027253
rank2_comparable,140,1,converged,2,1.3945061069088234e-05,4.478059830496164e-09,0.011566965656078575,9.128455388329364e-05
rank2_comparable,141,1,converged,2,7.547728216264704e-05,2.1747406326894677e-09,0.01036868300321427,6.851210152335739e-05
rank2_comparable,142,1,converged,3,8.221473793982753e-05,6.650275835468933e-10,0.010286483099172622,0.00011736817066381617
rank2_comparable,143,1,converged,2,4.508834708546955e-05,4.903503264886857e-10,0.00718391026474001,3.960984136502925e-05
rank2_comparable,144,1,converged,2,3.3494676402827935e-05,9.971733502625893e-10,0.006918412911117432,3.072979418175374e-05
rank2_comparable,145,1,converged,2,1.6997880657363182e-05,4.9955730779598074e-09,0.010137126318073267,5.460264428666189e-05
rank2_comparable,146,1,converged,2,7.553474912090214e-05,1.079724344514044e-09,0.010670526476658964,7.470082475713037e-05
rank2_comparable,147,1,converged,2,4.363146149736579e-05,7.185039813325685e-10,0.0072500829941013895,3.732286585862499e-05
rank2_comparable,148,1,converged,3,0.0002161544708157138,2.048720565866196e-09,0.01107512137133706,0.00023583234495492498
rank2_comparable,149,1,converged,2,0.00010805482272967636,1.29837124058766e-09,0.0101563621863671,9.498436688119972e-05
rank2_comparable,150,1,converged,3,0.00011352257613373164,1.4809736177765568e-09,0.01174729345470667,0.00012492472467751228
rank2_comparable,151,1,converged,2,3.887182168421589e-05,1.6756666018339486e-08,0.011659538757411225,8.945644643394717e-05
rank2_comparable,152,1,converged,2,1.3944528079137673e-05,1.6218066249971595e-10,0.007881430959564614,2.4759544323988164e-05
rank2_comparable,153,1,converged,3,0.00010474073401196918,4.10389592546432e-10,0.009355997019276967,0.00017349031799778467
rank2_comparable,154,1,converged,2,2.6396332457721806e-05,4.593993625816494e-09,0.009214141245659408,2.207217569943267e-05
rank2_comparable,155,1,converged,2,3.261712105546968e-05,5.723975279843268e-09,0.008322460192726899,3.072547398609718e-05
rank2_comparable,156,1,converged,2,2.062262481389279e-05,1.3853787492149736e-09,0.011307416963313416,0.00012803156244115753
rank2_comparable,157,1,converged,2,2.4175770500271632e-05,6.698201241057788e-09,0.010178784450228242,3.7103760250068195e-05
rank2_comparable,158,1,converged,2,1.5378628118992278e-05,1.0615928179303064e-09,0.007399093044313451,1.3112445112708357e-05
rank2_comparable,159,1,converged,3,0.00044420377011427563,6.183062603298737e-10,0.011882797439254127,0.0005148900827884283
rank2_comparable,160,1,converged,2,7.911730738621312e-05,5.757733136897404e-09,0.009167034071009843,7.030748276703532e-05
rank2_comparable,161,1,converged,2,9.550264177025047e-06,1.2665331080573844e-10,0.0030544019852200626,1.0139121920241337e-05
rank2_comparable,162,1,converged,2,5.865465785985348e-05,1.7504511589824372e-09,0.011069097437450881,7.595662506211699e-05
rank2_comparable,163,1,converged,2,0.00010530655388060242,8.856471575721956e-09,0.011550137501714337,9.99404725497323e-05
rank2_comparable,164,1,converged,2,5.95363154062255e-05,5.239841130009439e-09,0.011357365378400285,9.15942922058082e-05
rank2_comparable,165,1,converged,2,0.00013788672419117617,1.9359497560248598e-09,0.010143841807097136,0.00011714140553707141
rank2_comparable,166,1,converged,2,0.00011490260326407142,6.0308248092798075e-09,0.009749984013122994,9.702025842115668e-05
rank2_comparable,167,1,converged,2,2.426852271151081e-05,2.1861038262551505e-11,0.010865355270866168,2.317741736935583e-05
rank2_comparable,168,1,converged,2,3.6015554497484224e-05,4.4029322817602555e-10,0.011020396575650269,3.2313585019026746e-05
rank2_comparable,169,1,converged,3,2.325012583301055e-05,4.443344701179769e-09,0.011301148438107873,5.950305669282011e-05
rank2_comparable,170,1,converged,2,8.44372660878021e-05,1.4975985116724416e-08,0.011179148714727765,9.813174655039992e-05
rank2_comparable,171,1,converged,2,2.743368541361911e-05,7.737836468975096e-09,0.010769175679762266,6.215378857061224e-05
rank2_comparable,172,0,iteration_or_line_search_limit,5,0.0008465329951499432,3.345217388783021e-08,0.011369108570490942,0.0007007883953857423
rank2_comparable,173,1,converged,3,0.00038715750467729015,4.729414934465069e-09,0.011282269581156166,0.00044319364636778366
rank2_comparable,174,1,converged,2,6.168501902429636e-05,6.990543634934928e-09,0.01158516228466194,9.686040048865975e-05
rank2_comparable,175,1,converged,2,7.416002540638873e-05,1.4296461499913675e-08,0.01182518448704884,6.312121276415125e-05
rank2_comparable,176,1,converged,3,0.00018021670377492833,6.723239603892168e-10,0.011792373987985312,0.0001589537442706011
rank2_comparable,177,1,converged,2,7.138708057420925e-06,3.2336971979595547e-10,0.010451378755788299,4.5019488246719446e-05
rank2_comparable,178,1,converged,2,7.761504505778338e-06,1.471249331039897e-09,0.009867623545889988,4.930118733123322e-05
rank2_comparable,179,1,converged,3,7.216056787579004e-05,1.788955521940387e-09,0.010972643177414044,0.0001340034001206366
rank2_comparable,180,1,converged,2,0.00017148389090520705,1.8659919659613055e-09,0.011042552873549652,0.00014536221967096188
rank2_comparable,181,1,converged,2,1.2605220014674442e-05,1.5443673421711324e-09,0.009142230627879614,6.565495697291318e-05
rank2_comparable,182,1,converged,2,4.279343598039425e-05,5.56434779106839e-10,0.01176953461967516,3.680199925700894e-05
rank2_comparable,183,1,converged,2,8.92184979952015e-06,3.44590116621402e-10,0.011576212074791498,1.3874056855371554e-05
rank2_comparable,184,1,converged,2,2.091210815220513e-05,9.554524845279814e-10,0.011831957145444345,6.596590597675467e-05
rank2_comparable,185,1,converged,2,0.0001314914062383998,8.171565140808237e-09,0.011541469490766773,0.00011267705026198291
rank2_comparable,186,1,converged,2,7.1271524669616995e-06,9.55837646324488e-10,0.009661613667977308,4.251772588938221e-05
rank2_comparable,187,1,converged,2,0.000260742545404669,7.630916129136936e-09,0.011390819378915864,0.0002456462325458946
rank2_comparable,188,1,converged,2,3.684834642688388e-06,2.126051668460736e-09,0.01048627969841741,2.3711906872569905e-05
rank2_comparable,189,1,converged,5,0.00044410856284578465,3.0480469677181714e-09,0.011180710936727125,0.00039792870673421865
rank2_comparable,190,1,converged,2,8.037382490524737e-05,1.732020991239655e-08,0.011749063441200112,6.910202354869646e-05
rank2_comparable,191,1,converged,2,4.806756733452177e-05,8.598892718441443e-09,0.011509164251947293,5.222434780378136e-05
rank2_comparable,192,1,converged,2,8.344610909579186e-05,7.525994423379862e-09,0.011390244327042729,0.00010646858191061703
rank2_comparable,193,1,converged,2,4.861896562941092e-05,2.386201133705527e-10,0.008968067485242868,4.566733980020669e-05
rank2_comparable,194,1,converged,3,5.4839846708910356e-05,5.176902797295632e-10,0.009072479187953224,0.00010983393274855459
rank4_comparable,1,1,converged,2,3.6603558952151154e-05,2.5621406438091034e-09,0.009094527444746153,0.00011457098857428028
rank4_comparable,2,1,converged,2,2.026288467046705e-05,3.3367469361048107e-09,0.0066838793810931,5.8747602400390176e-05
rank4_comparable,3,1,converged,2,2.8571485303876968e-05,6.806441693616113e-09,0.0076531015587846755,6.863737894694205e-05
rank4_comparable,4,1,converged,3,0.00012722967131855505,3.768861851175205e-09,0.010341493809166599,0.00010125249336953281
rank4_comparable,5,1,converged,4,0.00020499866560216983,9.73056384724897e-10,0.011719770782883096,0.00027510915206427236
rank4_comparable,6,1,converged,3,7.070807326248974e-05,9.752139136819286e-10,0.009310214928299436,0.00019870664294687282
rank4_comparable,7,1,converged,3,6.013859182589638e-05,1.3180598373962673e-09,0.011794113484361891,0.00023370825800416022
rank4_comparable,8,1,converged,2,1.5383467563922582e-05,2.1399233490075243e-09,0.006830806177761531,3.232360761993512e-05
rank4_comparable,9,1,converged,3,6.50623832769432e-05,5.005216656774587e-09,0.011492004310414026,0.00017737395118792818
rank4_comparable,10,1,converged,2,8.81156272671033e-06,4.5523122188699393e-10,0.010794421491433559,9.37658201218705e-06
rank4_comparable,11,1,converged,3,7.15900802643184e-05,1.0073786897765273e-09,0.010791034901702409,0.00021762645694319848
rank4_comparable,12,1,converged,2,1.8835888094857147e-05,1.0373449764291685e-09,0.0075722679391509624,0.00011449636298977597
rank4_comparable,13,1,converged,2,2.453594809613595e-05,6.806266813959183e-09,0.011463765413680669,0.00011080695084177062
rank4_comparable,14,1,converged,2,2.9958805065875455e-05,4.675647991223953e-09,0.007444495029151717,6.880318139921264e-05
rank4_comparable,15,1,converged,2,9.673568638398555e-06,9.019905498640239e-10,0.005506639353686561,4.585098152353476e-05
rank4_comparable,16,1,converged,2,1.3049540946646411e-05,1.26643989829244e-09,0.007954980956756095,6.856523627015035e-05
rank4_comparable,17,1,converged,2,2.6524147874567875e-05,5.349733490227896e-09,0.005683702965553694,7.378675631400599e-05
rank4_comparable,18,1,converged,2,4.858759203693226e-05,8.710259331612183e-09,0.009910373866187965,0.00011944265420636512
rank4_comparable,19,1,converged,2,4.9415405139309186e-05,8.175673390306929e-09,0.011631754644943646,0.00016292744635811165
rank4_comparable,20,1,converged,2,2.7097400656979393e-05,7.147360355711807e-09,0.007968389255634223,0.00011244959421141254
rank4_comparable,21,1,converged,3,5.251063659188355e-05,5.127826778958764e-10,0.007253189649559441,7.463551236490734e-05
rank4_comparable,22,1,converged,2,1.608380068430501e-05,1.6399375928206158e-09,0.005890962545153698,1.4710965614904875e-05
rank4_comparable,23,1,converged,2,5.540085119318424e-05,1.6794985155032405e-08,0.011142540572388285,9.597913015159099e-05
rank4_comparable,24,1,converged,2,1.6753731038047578e-05,1.368017019435476e-09,0.011540415522150385,9.137125863310434e-05
rank4_comparable,25,1,converged,2,2.571254112581498e-05,2.7520421519259372e-09,0.011761155696362621,8.63191839372266e-05
rank4_comparable,26,1,converged,4,0.0002944905977163606,1.5602748456367643e-09,0.011833592998959683,0.0005030272058585383
rank4_comparable,27,1,converged,3,0.00014018868576368878,5.697351289096165e-09,0.011620631953498427,0.0002660136424225016
rank4_comparable,28,1,converged,2,1.8344849200985833e-05,4.348611371170892e-09,0.011708948399694314,0.00011006587631412911
rank4_comparable,29,1,converged,3,0.0001230868515186017,2.1699670822837083e-09,0.010856368634605559,9.83178198653456e-05
rank4_comparable,30,1,converged,2,4.1907463379655336e-05,9.716514930272428e-09,0.007145446932061959,0.00011362050774791598
rank4_comparable,31,1,converged,3,2.5226488422310536e-05,5.970475206887953e-10,0.011769147138441481,8.277351737170664e-05
rank4_comparable,32,1,converged,2,1.971788528188993e-05,2.4097526554614756e-09,0.009032765706288923,3.6742510747576876e-05
rank4_comparable,33,1,converged,2,1.635866745384261e-05,6.058415199477824e-09,0.008721915958250222,3.3455215326214945e-05
rank4_comparable,34,1,converged,2,4.8636005937883235e-05,1.1445739988234064e-08,0.011818310166035625,0.00014060856712399438
rank4_comparable,35,1,converged,4,0.0003201750130461749,5.191069443850334e-09,0.011268666255747191,0.00048040550381197005
rank4_comparable,36,1,converged,2,1.543545493023215e-05,2.2090796556163912e-09,0.010090699108336185,2.3811359606686788e-05
rank4_comparable,37,1,converged,5,4.4229817090188525e-05,1.8002793279836868e-08,0.011563762141623406,0.0002534602562787813
rank4_comparable,38,1,converged,2,1.5407266999111717e-05,7.099230506510246e-10,0.0074657428690869205,1.5157042234633777e-05
rank4_comparable,39,1,converged,2,2.8017016860376715e-05,5.422182794499992e-09,0.0073887454343334324,0.00010495638990124556
rank4_comparable,40,1,converged,2,2.622365972193788e-05,7.285732423748655e-09,0.009412125209691086,8.301766452203642e-05
rank4_comparable,41,1,converged,5,4.44569696933644e-05,7.676429012282158e-09,0.011076859134320466,0.00027574499969041565
rank4_comparable,42,1,converged,2,2.220591613628681e-05,3.9302527500240815e-09,0.011077412016605694,0.00010443856100462461
rank4_comparable,43,1,converged,3,5.588152597523847e-05,3.471442691590235e-09,0.011480584165622008,0.00016765584895941964
rank4_comparable,44,1,converged,2,3.718407908090172e-05,1.864794445283929e-09,0.009362681044728243,4.650572529616241e-05
rank4_comparable,45,1,converged,2,4.763988338472316e-06,1.5908969933915277e-10,0.004700683817174695,1.7802110023387072e-05
rank4_comparable,46,1,converged,2,1.8948786012919288e-05,1.2423138759231538e-08,0.008468556722464212,4.9519598960978496e-05
rank4_comparable,47,1,converged,3,8.191667690112996e-05,1.093039420198055e-09,0.01199604231309827,0.0002709562892453
rank4_comparable,48,1,converged,2,3.9322408371824137e-05,1.3004585410299335e-08,0.0110418062075693,0.00010550279554884127
rank4_comparable,49,1,converged,2,5.52133602297131e-05,1.7459792512019544e-08,0.008442753163056304,0.00016537173632435816
rank4_comparable,50,1,converged,2,2.485453794745588e-05,5.016658119809683e-09,0.0073995853736019,0.00010855154797075789
rank4_comparable,51,1,converged,3,0.0001648611641340325,1.2680172269256572e-08,0.00908531627198744,0.0002960003307875126
rank4_comparable,52,1,converged,2,2.0007118720175302e-05,2.0129287433024e-09,0.008507823293840195,2.2075946455717772e-05
rank4_comparable,53,1,converged,3,3.505302540913157e-05,1.2756602305316671e-09,0.011516310354959331,5.315938650784252e-05
rank4_comparable,54,1,converged,2,1.8854660483257306e-05,1.3188728163739829e-08,0.011980592037943447,4.028372513041867e-05
rank4_comparable,55,1,converged,2,3.346814080780192e-05,2.95250512374056e-09,0.008996646446750767,8.371728481545456e-05
rank4_comparable,56,1,converged,2,3.448568041301969e-05,9.965759800534884e-09,0.009638233799233528,0.0002052432087672061
rank4_comparable,57,1,converged,2,1.2494013968810506e-05,1.0442117150967644e-09,0.008827747038325597,1.7618922724195963e-05
rank4_comparable,58,1,converged,2,2.5767608641094175e-05,4.273007693594948e-09,0.007365454024918159,2.8324248070706235e-05
rank4_comparable,59,1,converged,3,6.288032193889566e-05,1.1900425508745854e-09,0.011118896942525854,6.793893970526026e-05
rank4_comparable,60,1,converged,2,4.406179377312715e-05,1.2934022148823117e-08,0.009844972294259,0.0001175843966042808
rank4_comparable,61,1,converged,2,1.3728673524291125e-05,6.27800000080085e-10,0.010383362806007343,1.8190764540134777e-05
rank4_comparable,62,1,converged,3,5.10675585936307e-05,2.2628366601374377e-09,0.010215946838998501,9.481884770568778e-05
rank4_comparable,63,1,converged,3,6.519310437344874e-05,1.989235659151266e-09,0.011721123774603277,0.00017554480099114665
rank4_comparable,64,1,converged,4,0.0004020337681740076,1.0731522761940457e-08,0.011755577885573324,0.0006649089796199303
rank4_comparable,65,1,converged,4,0.00037664046421560966,6.670916567044799e-09,0.011909763010022742,0.000641723306299918
rank4_comparable,66,1,converged,2,3.6167213871449665e-05,1.5860884028679396e-08,0.010003017282569433,0.00011057813681352055
rank4_comparable,67,1,converged,3,4.2654348467094625e-05,4.97053320917214e-10,0.011082662571383607,5.1484287279601173e-05
rank4_comparable,68,1,converged,2,1.0319286552042708e-05,3.779930918154927e-09,0.01081917391685461,3.800699792876098e-05
rank4_comparable,69,1,converged,2,6.396535968667461e-05,1.4782634370567749e-08,0.011903301948973814,0.00017936973441910474
rank4_comparable,70,1,converged,2,6.397861577382457e-05,4.254394068413155e-09,0.010825958806930611,0.00028165682846676267
rank4_comparable,71,1,converged,2,1.827564897311234e-05,1.7384781938433311e-09,0.005411041136409296,4.651309217025651e-05
rank4_comparable,72,1,converged,2,2.8119565553090256e-05,3.4300333982407207e-09,0.010148678051092564,7.264319926342697e-05
rank4_comparable,73,1,converged,2,2.579589454431524e-05,4.352391467512138e-09,0.007483113692031077,4.254216935280551e-05
rank4_comparable,74,1,converged,3,6.261916741678084e-05,1.8131000714283213e-09,0.011528949288488192,8.780816501347239e-05
rank4_comparable,75,1,converged,3,6.948665340893998e-05,1.0024695135643416e-09,0.011916787783234045,0.00011381276642969301
rank4_comparable,76,1,converged,2,2.6458821322942237e-05,9.359998562136067e-10,0.0060015996473560184,8.02856955667858e-05
rank4_comparable,77,1,converged,2,1.640742496294671e-05,2.5706432504205952e-09,0.0077725199436535835,6.673718662280119e-05
rank4_comparable,78,1,converged,5,5.9075731300546737e-05,3.842776399896887e-09,0.011384819663277534,0.00029607858626766643
rank4_comparable,79,1,converged,2,4.0008966401291315e-05,1.0898250644113702e-08,0.010586353318555827,0.00011709088665978613
rank4_comparable,80,1,converged,2,3.673231112343168e-05,1.3775125152518194e-08,0.00969650588163541,0.00015706564554556735
rank4_comparable,81,1,converged,3,0.000138704375576778,1.0329778983151308e-08,0.00971236121661861,0.0002564581769140866
rank4_comparable,82,1,converged,2,2.6310836329929864e-05,1.9466980674373765e-09,0.007974029250866887,4.525613884373302e-05
rank4_comparable,83,1,converged,2,2.9820496124232163e-05,1.8381093915317668e-09,0.00829702944558923,5.885980624017589e-05
rank4_comparable,84,1,converged,2,6.926421018814974e-06,1.157513645691889e-10,0.005520552631036158,1.5802192172736626e-05
rank4_comparable,85,1,converged,2,4.527390098842771e-05,5.553352038066097e-09,0.01117875492367611,7.174743404894506e-05
rank4_comparable,86,1,converged,4,0.00019473184407979045,1.0306559901054018e-09,0.010982254499303491,0.00026854924919363473
rank4_comparable,87,1,converged,3,4.5998498278226245e-05,6.671292119928925e-10,0.010848338902268925,5.553363762850566e-05
rank4_comparable,88,1,converged,2,4.332192647024815e-05,3.0184106070544476e-09,0.011358431837539483,8.266870899245131e-05
rank4_comparable,89,1,converged,2,3.323154896364584e-05,5.998976414260666e-09,0.011109387101875442,7.50967708246677e-05
rank4_comparable,90,1,converged,2,1.9972977324134176e-05,5.382759711187773e-09,0.008643073274368687,3.453099118324233e-05
rank4_comparable,91,1,converged,4,2.968923842339576e-05,6.8926390249448465e-09,0.011255297377568101,0.00019703550895786825
rank4_comparable,92,1,converged,2,3.111221301477244e-05,3.0457088695824892e-09,0.010009777019266019,6.186906000064383e-05
rank4_comparable,93,1,converged,3,8.686967248068808e-05,1.2343736988159696e-09,0.011352070317175524,0.00024287660779104625
rank4_comparable,94,1,converged,2,7.97395091987148e-06,1.9328828169414132e-10,0.007286372155205401,2.80244893891899e-05
rank4_comparable,95,1,converged,3,8.931526324280743e-05,1.3016094896962614e-09,0.011560101695604447,0.00022750704561550424
rank4_comparable,96,1,converged,3,6.503973194337647e-05,2.483450101286191e-09,0.011389107868256585,4.625307654967901e-05
rank4_comparable,97,1,converged,2,2.8453827566217513e-05,9.73394977921975e-09,0.010594463139499414,7.3450444671073e-05
rank4_comparable,98,1,converged,4,0.0002695995391346114,2.257086707201954e-09,0.010563789843344478,0.0004867234450212101
rank4_comparable,99,1,converged,2,5.6440614013802234e-05,8.869891270310616e-09,0.00963172479203516,7.530776700332774e-05
rank4_comparable,100,1,converged,2,1.6449592603531094e-05,5.935515544010963e-10,0.00921423433491358,1.632107910603156e-05
rank4_comparable,101,1,converged,2,4.401278587983781e-05,6.165671125065912e-09,0.009531944655832627,0.00011804017263459788
rank4_comparable,102,1,converged,2,1.8533255719784547e-05,1.0733642640965302e-09,0.008420723572798001,5.437333511895066e-05
rank4_comparable,103,1,converged,2,1.6187457562931042e-05,4.097616619021279e-09,0.008351670541893156,8.010410175285948e-05
rank4_comparable,104,1,converged,2,2.4307335213556548e-05,2.734982444257629e-09,0.010665870705927935,5.685929507561002e-05
rank4_comparable,105,1,converged,2,2.1474743803967997e-05,4.885287555178486e-09,0.007729409260934,8.99642332195047e-05
rank4_comparable,106,1,converged,4,0.00028930273911878117,3.378818110172867e-09,0.010231641565468037,0.0005008198758206523
rank4_comparable,107,1,converged,2,3.0675403432064814e-05,1.0699375113386872e-08,0.0092314942296831,8.626241881653201e-05
rank4_comparable,108,1,converged,2,2.9336924617701033e-05,3.80150558255285e-09,0.011575167298711374,6.708224081681612e-05
rank4_comparable,109,1,converged,2,3.7759536536501434e-05,1.4059980979710243e-08,0.011751888569814071,0.00016560710730140817
rank4_comparable,110,1,converged,2,2.9666311193980724e-05,1.8589241360960436e-08,0.010826388118798765,5.612763779724004e-05
rank4_comparable,111,1,converged,3,5.2441899567570846e-05,2.85101347097974e-09,0.010205367953831533,0.00013438374319258366
rank4_comparable,112,1,converged,2,2.18620502045776e-05,8.928918383246843e-10,0.007211264831714011,6.607468546521747e-05
rank4_comparable,113,1,converged,2,4.714129917359786e-06,3.2640310994174956e-10,0.004950516901340828,1.211236464514839e-05
rank4_comparable,114,1,converged,2,4.034898194669031e-05,1.8297029264956159e-09,0.011762456597160567,3.817047795517918e-05
rank4_comparable,115,1,converged,3,4.8442243810273296e-05,2.8957072374033364e-09,0.010004328101554476,0.00011902704069133704
rank4_comparable,116,1,converged,3,4.815391349756078e-05,1.74043738901056e-09,0.010733411957413615,0.00013514327941145594
rank4_comparable,117,1,converged,2,3.380249965944823e-05,8.481025966544803e-09,0.008058952501790988,0.00010834479846821028
rank4_comparable,118,1,converged,3,5.732462371620122e-05,1.1835213376202192e-09,0.01095215956059646,8.060908576379864e-05
rank4_comparable,119,1,converged,2,3.094534450694866e-05,3.39107933312075e-09,0.00972053451729693,0.00015540238546323025
rank4_comparable,120,1,converged,2,4.1055522502266286e-05,6.593124817579118e-09,0.009718078915922008,4.104559817668815e-05
rank4_comparable,121,1,converged,2,3.145448530730318e-05,5.3780835352776885e-09,0.008099621210069498,3.8590939313970404e-05
rank4_comparable,122,1,converged,3,5.247899466374657e-05,2.0780506285074895e-09,0.010292490537376778,0.00016090458813960848
rank4_comparable,123,1,converged,2,2.279670150948245e-05,5.093725510716336e-09,0.008002835532033115,2.5287240882400473e-05
rank4_comparable,124,1,converged,4,0.00027513011346815187,2.7859502129865846e-09,0.011793314575941977,0.0004415895097558486
rank4_comparable,125,1,converged,2,2.2887606637067866e-05,1.627846809918363e-08,0.010015107980713233,6.78323062009064e-05
rank4_comparable,126,1,converged,2,3.896917780612979e-05,7.451377623277732e-09,0.010576580672494331,0.0001608288880788249
rank4_comparable,127,1,converged,2,4.107886377407543e-05,4.8413118823898975e-09,0.010533502875483288,0.00011589243543664983
rank4_comparable,128,1,converged,2,1.3023744613034213e-05,3.139606918084672e-10,0.006005618515311537,5.527460079248182e-05
rank4_comparable,129,1,converged,3,6.353722540825461e-05,3.0658836241507536e-09,0.011021651637734886,0.00018823919983903498
rank4_comparable,130,1,converged,3,5.321826471532074e-05,5.612289568532455e-09,0.011824792414298936,0.00019951734303039155
rank4_comparable,131,1,converged,2,4.3079197345713364e-05,1.601365629109631e-08,0.010815615523379252,0.00021926098637808507
rank4_comparable,132,1,converged,2,2.869950117717625e-05,1.7317858533984596e-08,0.007238418098329566,8.392087137775021e-05
rank4_comparable,133,1,converged,2,4.5526262635537434e-05,1.0222632853210226e-08,0.011256683025340252,9.887003392454284e-05
rank4_comparable,134,1,converged,3,4.3161432465087466e-05,1.067504927764518e-09,0.010102111746242533,8.148194673061205e-05
rank4_comparable,135,1,converged,3,6.58146290776824e-05,7.259770112846022e-10,0.00976655398761839,0.0001889856774084949
rank4_comparable,136,1,converged,2,2.5165017293826643e-05,1.3070755449456252e-09,0.009921536486458566,4.4005477427514145e-05
rank4_comparable,137,1,converged,2,5.017599764090915e-05,1.4912681721445966e-08,0.010852704695496719,0.00013514858744354414
rank4_comparable,138,1,converged,2,5.062653293435701e-05,1.313000297739228e-08,0.009888215139254216,0.00019528819291590334
rank4_comparable,139,1,converged,2,7.501266961313718e-05,1.4187578403799967e-08,0.010916029712674332,0.0002052166932596119
rank4_comparable,140,1,converged,2,5.587778557450425e-05,1.9470539352491482e-08,0.008943338969921905,0.00015888045584069665
rank4_comparable,141,1,converged,3,5.1207236570349166e-05,3.553100969763373e-10,0.010393028745454372,0.00013440883099116618
rank4_comparable,142,1,converged,2,7.507113955255174e-05,1.7709140744986277e-08,0.010471928673416975,0.0002763789488792035
rank4_comparable,143,1,converged,2,2.5548458125504604e-05,3.1294032189758282e-09,0.008189175424868994,0.000149011316139211
rank4_comparable,144,1,converged,2,3.612551508099067e-05,3.468829794842266e-09,0.008810595726552998,5.861100676457076e-05
rank4_comparable,145,1,converged,4,0.0002929474857117004,4.641901525959658e-09,0.01098176023688703,0.0005125447957674634
rank4_comparable,146,1,converged,3,5.37488590904577e-05,8.553979949056747e-10,0.006405063049511815,8.992807416007196e-05
rank4_comparable,147,1,converged,2,5.952394570352585e-05,1.655340760168142e-08,0.010497029284542833,0.00021709491368667678
rank4_comparable,148,1,converged,2,3.2048095960696876e-05,7.529190823372295e-09,0.006385304212800589,3.665685823284968e-05
rank4_comparable,149,1,converged,3,4.2559784682223e-05,1.1056029559972668e-09,0.011893610477626366,0.00011525630872420527
rank4_comparable,150,1,converged,2,2.255816292422126e-05,1.5149246860987844e-09,0.008345221705014498,0.0001001533316570572
rank4_comparable,151,1,converged,2,1.6152048821427607e-05,1.17595042148137e-09,0.008642769572535444,3.594243118920308e-05
rank4_comparable,152,1,converged,2,2.759296974647702e-05,1.0358397085743365e-08,0.01011486737797979,0.00011502689937163235
rank4_comparable,153,1,converged,3,6.110253846622527e-05,1.5529154993920759e-09,0.011440354281613697,9.688048462766983e-05
rank4_comparable,154,1,converged,2,2.5228635256632708e-05,2.0833131195336035e-09,0.006908899780835432,3.136930986980477e-05
rank4_comparable,155,1,converged,3,5.257946965108081e-05,2.5846498846535792e-09,0.00953780316894096,0.00015089610416218864
rank4_comparable,156,1,converged,2,1.936027724849936e-05,3.754175462854851e-09,0.010827888096584071,2.8337502852449262e-05
rank4_comparable,157,1,converged,2,1.7538182267830105e-05,1.6142023734788504e-09,0.00861679253413805,1.9380951622826076e-05
rank4_comparable,158,1,converged,3,0.00012693894471967567,7.84252535720901e-10,0.01084391737962517,0.00012875613279162234
rank4_comparable,159,1,converged,2,3.535125538160272e-05,1.0671386546325745e-08,0.011421107776022468,6.626346224143969e-05
rank4_comparable,160,1,converged,2,5.271162636006471e-05,7.57100338240994e-09,0.01041837218669304,9.253106201312029e-05
rank4_comparable,161,1,converged,3,6.646336829505715e-05,1.172862599981047e-09,0.009895002656893066,9.285663117681542e-05
rank4_comparable,162,1,converged,2,3.628094800026372e-05,5.614532593742531e-09,0.011221511231254,7.809204002189382e-05
rank4_comparable,163,1,converged,3,5.982324844319777e-05,7.858776383792916e-10,0.010800713295409714,8.59199927456378e-05
rank4_comparable,164,1,converged,2,4.185462974029779e-05,1.8683667840198007e-08,0.01179701730762637,0.0001360532358190794
rank4_comparable,165,1,converged,1,6.415261264686976e-06,1.915143392037639e-08,0.004994640373975755,1.7972059958744475e-05
rank4_comparable,166,1,converged,3,8.19781467415944e-05,1.7625200894478845e-09,0.011759312407739407,0.00022842823795484415
rank4_comparable,167,1,converged,2,2.4646112039420294e-05,5.240878182063063e-09,0.010381572498599346,7.665563188483514e-05
rank4_comparable,168,1,converged,2,2.9789003641986312e-05,7.602814345693617e-09,0.011382455650666737,0.00010924638904273315
rank4_comparable,169,1,converged,3,7.218059031672309e-05,2.1928630034288154e-09,0.010018098644291923,0.00020262457804961646
rank4_comparable,170,1,converged,2,8.647131533929099e-06,1.3946339028143712e-09,0.005968062163961462,1.2633771556831487e-05
rank4_comparable,171,1,converged,2,2.1140799092873696e-05,2.1252891911481086e-09,0.008879313782568335,5.3540966195369886e-05
rank4_comparable,172,1,converged,3,8.868813667387875e-05,5.404464913992647e-09,0.010395321305498272,7.649293839893141e-05
rank4_comparable,173,1,converged,3,0.00015403176860945907,1.3442277037592624e-08,0.009137157589096619,0.00018666040446906586
rank4_comparable,174,1,converged,2,1.687959170582512e-05,3.947373509162671e-09,0.005775619824985242,4.9830568309642756e-05
rank4_comparable,175,1,converged,3,5.3838576147083196e-05,1.077970318864e-09,0.011343474366609863,0.00021519488081977293
rank4_comparable,176,1,converged,2,1.4825661425776616e-05,9.406037729224958e-10,0.010883096202084504,2.0917310958745735e-05
rank4_comparable,177,1,converged,3,5.605612530316659e-05,6.394072844535222e-10,0.011086429394733388,0.00011284343830234536
rank4_comparable,178,1,converged,2,2.951595104323875e-05,1.386885824794916e-08,0.01195112423973818,0.00015076369765157057
rank4_comparable,179,1,converged,3,2.525845449877327e-05,4.694465349358915e-10,0.01057631194081936,6.365162462932429e-05
rank4_comparable,180,1,converged,3,6.241098675272305e-05,7.65990104678358e-10,0.011136343813685905,6.260167486985746e-05
rank4_comparable,181,1,converged,2,2.9431318459309045e-06,1.4226074718190695e-10,0.008452934508433797,1.2581713183001842e-05
rank4_comparable,182,1,converged,2,1.4225239967737088e-05,2.275044662558352e-09,0.008132659860994044,7.218211157454072e-05
rank4_comparable,183,1,converged,2,3.6570557821674964e-05,9.85679269085291e-09,0.011952580153663194,7.344398054418236e-05
rank4_comparable,184,1,converged,3,3.2768118005733734e-05,1.234587917794248e-09,0.011415298410540817,8.590981982583268e-05
rank4_comparable,185,1,converged,2,1.2708484475799667e-05,5.657954396854491e-10,0.006432223144924702,6.959860812307243e-05
rank4_comparable,186,1,converged,2,5.372965496455577e-05,1.8497812580382834e-08,0.010899684664214091,0.0001917099332929902
rank4_comparable,187,1,converged,2,4.8698796303858776e-05,3.2354155747148185e-09,0.00803082513601585,7.459498661800111e-05
rank4_comparable,188,1,converged,3,9.634233407054971e-05,1.0588595287288823e-09,0.011775004696713106,0.0003198096978074529
rank4_comparable,189,1,converged,2,2.4418799430832976e-05,1.9554138027502834e-08,0.01168442833475206,5.096852069477542e-05
rank4_comparable,190,1,converged,2,5.042234853296856e-05,1.89256925283177e-08,0.011865327233663797,0.00022326518750639076
rank4_comparable,191,1,converged,3,5.408177377584703e-05,2.2430680229512725e-09,0.009488952481766287,0.0001561564975108097
rank4_comparable,192,1,converged,2,1.7130233128964786e-05,2.6087873502675446e-09,0.008324021668279728,6.587177014321262e-05
